freq_Hz,S11_dB,Zdiff_ohm
1000000.0,59.30465335660722,99.7835652
1007704.81,59.52088812388234,99.78888120000003
1015468.99,59.74499805777326,99.7942532
1023292.99,59.977470301021754,99.7996814
1031177.27,60.21884824463514,99.80516619999999
1039122.3,60.46972078996512,99.81070780000002
1047128.55,60.73073802615812,99.8163064
1055196.48,61.002610238300946,99.821962
1063326.57,61.28615705377416,99.82767520000002
1071519.31,61.58226220601992,99.83344600000001
1079775.16,61.89191576913543,99.83927439999998
1088094.63,62.216265579688006,99.845161
1096478.2,62.55656382331058,99.85110560000001
1104926.36,62.914258008352235,99.8571084
1113439.61,63.291016184411355,99.86316979999998
1122018.45,63.688718503212705,99.8692896
1130663.4,64.1095845715163,99.87546820000001
1139374.95,64.55616252249102,99.88170539999999
1148153.62,65.03149815377222,99.8880016
1156999.93,65.53917971940993,99.8943568
1165914.4,66.08351708938456,99.900771
1174897.55,66.66974913613973,99.90724420000001
1183949.92,67.30435158815014,99.91377660000002
1193072.04,67.99541020657654,99.9203682
1202264.43,68.75323361313876,99.927019
1211527.66,69.5912508443412,99.933729
1220862.25,70.52741332145536,99.9404982
1230268.77,71.58648498707817,99.94732659999998
1239747.76,72.80399509617303,99.95421419999998
1249299.79,74.2335074676451,99.9611608
1258925.41,75.96152947887764,99.9681665
1268625.2,78.14142482382614,99.97523119999998
1278399.72,81.08720339465178,99.98235459999998
1288249.55,85.62685495502187,99.98953680000001
1298175.28,95.85687098759357,99.99677759999999
1308177.47,93.81438883824963,100.0040768
1318256.74,84.85682887471481,100.0114344
1328413.66,80.51509928016452,100.01885019999999
1338648.84,77.6147714160271,100.02632379999999
1348962.88,75.42956242668117,100.03385520000002
1359356.39,73.67312440876559,100.0414442
1369829.98,72.20280020372309,100.0490904
1380384.26,70.93707811055748,100.05679360000002
1391019.87,69.8249936512945,100.06455360000001
1401737.42,68.83259487688427,100.07236979999999
1412537.54,67.93600590387351,100.08024239999999
1423420.88,67.11795234654146,100.0881706
1434388.08,66.36540965557737,100.0961542
1445439.77,65.66835292488078,100.10419300000001
1456576.62,65.01891645505695,100.11228660000002
1467799.27,64.41083208751418,100.12043419999999
1479108.39,63.83894766363194,100.1286358
1490504.64,63.29905774056388,100.1368908
1501988.7,62.78764298635065,100.14519880000002
1513561.25,62.30173822363056,100.15355939999999
1525222.96,61.83884324125649,100.1619718
1536974.52,61.39678222458491,100.17043579999999
1548816.62,60.9737049869553,100.17895060000001
1560749.96,60.56797320881083,100.18751599999999
1572775.25,60.178188747621334,100.196131
1584893.19,59.80308556323628,100.2047954
1597104.5,59.44156819895767,100.2135084
1609409.89,59.09265404755604,100.2222694
1621810.1,58.755465218710924,100.23107779999998
1634305.84,58.42922137245918,100.23993279999999
1646897.87,58.11321247429446,100.2488338
1659586.91,57.806796830468066,100.25778020000001
1672373.72,57.509399072304134,100.2667712
1685259.04,57.22048927893998,100.2758062
1698243.65,56.939596204632856,100.2848842
1711328.3,56.666276486192785,100.2940046
1724513.77,56.40012923894026,100.30316659999998
1737800.83,56.14079124569508,100.3123692
1751190.26,55.887911230920594,100.32161199999999
1764682.86,55.641185977634635,100.33089379999998
1778279.41,55.40032414215333,100.3402138
1791980.72,55.16505047718119,100.3495714
1805787.6,54.935123813517905,100.3589654
1819700.86,54.71030984483016,100.36839500000002
1833721.32,54.490390043669024,100.37785939999998
1847849.8,54.275169220231014,100.3873574
1862087.14,54.064451361284,100.3968884
1876434.17,53.85806575033361,100.4064512
1890891.75,53.655843609565146,100.41604499999998
1905460.72,53.45763451951167,100.42566860000001
1920141.94,53.26328877396186,100.43532120000002
1934936.28,53.07267316887724,100.44500160000001
1949844.6,52.88565616080624,100.4547089
1964867.79,52.70211725784367,100.46444199999999
1980006.73,52.521938788814154,100.4742
1995262.31,52.34501297605015,100.4839818
2010635.44,52.17123937803011,100.4937862
2026127.01,52.00051917550943,100.5036122
2041737.94,51.83276191508244,100.51345859999999
2057469.16,51.66787823624114,100.5233244
2073321.57,51.505783145883406,100.5332086
2089296.13,51.346398926890224,100.54310999999998
2105393.77,51.189653026176956,100.5530273
2121615.44,51.03547000416391,100.56295959999999
2137962.09,50.88378397146697,100.5729056
2154434.69,50.7345259695543,100.5828644
2171034.21,50.58763745498194,100.59283459999999
2187761.62,50.44305945230811,100.60281499999998
2204617.92,50.300732656290855,100.61280459999999
2221604.09,50.160600301731805,100.62280239999998
2238721.14,50.02261623028751,100.63280680000001
2255970.07,49.88672795372448,100.6428168
2273351.9,49.752885147909176,100.65283139999998
2290867.65,49.62104214813324,100.6628494
2308518.36,49.49115764505972,100.67286939999998
2326305.07,49.363186799418095,100.68289040000002
2344228.82,49.237091530029,100.69291100000001
2362290.66,49.11282775291838,100.7029304
2380491.67,48.99036283377487,100.712947
2398832.92,48.86965686688391,100.72295989999999
2417315.48,48.75067619072557,100.7329678
2435940.45,48.6333860050371,100.74296960000001
2454708.92,48.517752771140096,100.75296420000001
2473621.99,48.40374755570933,100.76295020000003
2492680.79,48.29133791910373,100.7729266
2511886.43,48.18049700227295,100.782892
2531240.05,48.07119010056702,100.7928458
2550742.78,47.96339672365693,100.8027862
2570395.78,47.8570863235369,100.81271240000001
2590200.2,47.752231539535885,100.8226234
2610157.22,47.64881010137301,100.83251780000002
2630267.99,47.546798383579,100.8423944
2650533.72,47.44616946921732,100.85225240000001
2670955.59,47.34690137771028,100.8620906
2691534.8,47.2489728301114,100.8719078
2712272.58,47.152363222051044,100.8817028
2733170.14,47.05704871803782,100.89147480000001
2754228.7,46.963008194634796,100.9012228
2775449.52,46.87022500270431,100.91094539999999
2796833.85,46.77867922686551,100.9206416
2818382.93,46.688349724496135,100.93031059999998
2840098.05,46.59921787626303,100.9399514
2861980.48,46.511269285910686,100.9495626
2884031.5,46.42448276057446,100.9591436
2906252.43,46.338841363644065,100.96869340000002
2928644.56,46.25433044499849,100.97821079999999
2951209.23,46.17093228649797,100.987695
2973947.75,46.088631455219875,100.99714500000002
2996861.46,46.00741298396046,101.00655980000002
3019951.72,45.92725895250754,101.01593880000003
3043219.89,45.84815705654333,101.0252808
3066667.33,45.77009200521704,101.034585
3090295.43,45.693048970815305,101.04385060000001
3114105.58,45.61701521321642,101.0530766
3138099.19,45.541975112669206,101.0622624
3162277.66,45.46791674846239,101.07140699999998
3186642.42,45.39482534854802,101.08050980000002
3211194.91,45.32268975540377,101.0895698
3235936.57,45.25149598865164,101.0985864
3260868.86,45.181232042980994,101.1075588
3285993.25,45.11188626350845,101.1164862
3311311.21,45.0434457994109,101.12536800000001
3336824.25,44.975899699184865,101.13420339999999
3362533.86,44.90923581647926,101.1429918
3388441.56,44.84344235759383,101.15173259999999
3414548.87,44.778507869688724,101.1604252
3440857.34,44.71442270683556,101.1690688
3467368.5,44.65117603208703,101.17766279999998
3494083.93,44.58875586249096,101.18620679999998
3521005.2,44.52715272483139,101.19470009999999
3548133.89,44.466355979464886,101.20314220000002
3575471.6,44.4063552875477,101.2115326
3603019.95,44.34714060138117,101.2198708
3630780.55,44.28870285808665,101.22815619999999
3658755.04,44.23103185259913,101.23638840000001
3686945.06,44.174117663459434,101.244567
3715352.29,44.11795064377117,101.2526916
3743978.39,44.06252278178946,101.26076160000001
3772825.05,44.00782492801429,101.26877659999998
3801893.96,43.953845479589056,101.2767366
3831186.85,43.90057851817734,101.28464079999998
3860705.43,43.848014287199206,101.29248899999999
3890451.45,43.796143290922636,101.300281
3920426.66,43.744957605635584,101.3080164
3950632.81,43.694449521214636,101.3156948
3981071.71,43.6446102308415,101.32331600000002
4011745.12,43.59542986238367,101.33087999999998
4042654.87,43.54690266524868,101.3383862
4073802.78,43.49902048369408,101.3458344
4105190.67,43.45177282349081,101.3532248
4136820.4,43.40515452391393,101.3605568
4168693.83,43.35915804494216,101.36783020000001
4200812.85,43.31377353063889,101.3750452
4233179.33,43.26899510992439,101.3822014
4265795.19,43.22481458361565,101.3892988
4298662.35,43.181225189913235,101.3963372
4331782.74,43.138219108787,101.40331660000001
4365158.32,43.09578993401877,101.41023680000002
4398791.06,43.053930203217845,101.4170978
4432682.92,43.01263202841546,101.42389969999999
4466835.92,42.971890119264415,101.43064220000001
4501252.06,42.93169572101178,101.4373256
4535933.37,42.89204386100834,101.4439496
4570881.9,42.852926721287155,101.4505144
4606099.69,42.81433902880306,101.45701980000001
4641588.83,42.77627210553797,101.4634662
4677351.41,42.73872215533778,101.4698532
4713389.54,42.70167964303057,101.47618139999999
4749705.33,42.66514104880163,101.4824504
4786300.92,42.62909947300594,101.4886604
4823178.48,42.59354701334766,101.49481179999998
4860340.18,42.5584793793033,101.5009044
4897788.19,42.52389009674678,101.50693839999998
4935524.74,42.48977283028794,101.512914
4973552.04,42.456122514482814,101.51883119999998
5011872.34,42.42293193583174,101.52469039999998
5050487.88,42.39019740519862,101.5304914
5089400.95,42.35791083458277,101.5362348
5128613.84,42.326067644661364,101.54192060000001
5168128.86,42.294663356812514,101.54754880000002
5207948.33,42.2636902609699,101.55312
5248074.6,42.233145214107665,101.558634
5288510.04,42.20302074174896,101.5640914
5329257.03,42.1733128004189,101.56949219999998
5370317.96,42.14401524485108,101.5748368
5411695.27,42.1151242259571,101.5801252
5453391.37,42.086632715562125,101.585358
5495408.74,42.05853814306151,101.59053500000002
5537749.84,42.030832600973454,101.59565699999999
5580417.17,42.003512619584534,101.60072399999999
5623413.25,41.97657265570237,101.6057364
5666740.61,41.950009403979124,101.6106942
5710401.79,41.92381642828857,101.61559799999999
5754399.37,41.897989525587924,101.620448
5798735.95,41.872523510419164,101.62524459999999
5843414.13,41.84741434282461,101.62998799999998
5888436.55,41.82265700248972,101.63467860000002
5933805.86,41.79824655305406,101.6393168
5979524.73,41.774180236105174,101.64390260000002
6025595.86,41.75045116861901,101.6484368
6072021.96,41.72705725903669,101.65291930000001
6118805.76,41.703992304832255,101.65735079999999
6165950.02,41.681253304470104,101.6617314
6213457.52,41.65883524365399,101.6660616
6261331.05,41.63673473073967,101.6703416
6309573.44,41.61494637426856,101.674572
6358187.54,41.593466912217266,101.678753
6407176.19,41.57229211348397,101.682885
6456542.29,41.551417810276845,101.6869684
6506288.75,41.5308398964802,101.69100360000002
6556418.49,41.51055534234488,101.6949908
6606934.48,41.490559139364464,101.6989306
6657839.68,41.470848368794854,101.7028232
6709137.1,41.45141914902862,101.706669
6760829.75,41.432266645865276,101.7104686
6812920.69,41.413389101366896,101.714222
6865412.98,41.394780781199685,101.71793
6918309.71,41.376439020165314,101.72159280000001
6971614.0,41.35836119350782,101.7252106
7025328.99,41.34054172730116,101.72878419999999
7079457.84,41.322979087675606,101.7323136
7134003.75,41.30566879342075,101.7357994
7188969.92,41.288607406034814,101.73924200000002
7244359.6,41.2717915302955,101.74264179999999
7300176.05,41.25521879952109,101.74599900000001
7356422.54,41.23888589619551,101.749314
7413102.41,41.22278757793146,101.7525876
7470218.99,41.20692356012747,101.75581960000001
7527775.64,41.19128770077765,101.75901099999999
7585775.75,41.17587977992543,101.7621616
7644222.74,41.16069471554277,101.76527220000001
7703120.06,41.14572942257184,101.7683432
7762471.17,41.130981822595615,101.7713748
7822279.56,41.116448893859115,101.77436740000002
7882548.77,41.10212764765166,101.77732139999999
7943282.35,41.0880151274969,101.7802372
8004483.86,41.07410840836551,101.78311519999998
8066156.92,41.06040459590513,101.7859558
8128305.16,41.046900825692006,101.7887594
8190932.24,41.03359426249958,101.7915264
8254041.85,41.02048209958571,101.79425720000002
8317637.71,41.00756251612598,101.79695199999999
8381723.56,40.9948317992955,101.7996114
8446303.19,40.98228817906744,101.8022356
8511380.38,40.969928951777135,101.80482499999998
8576958.99,40.9577514390681,101.80738
8643042.86,40.94575203606404,101.8099012
8709635.9,40.93393001692761,101.81238860000002
8776742.03,40.922282771630876,101.8148426
8844365.19,40.91080581855259,101.817264
8912509.38,40.89949943893907,101.8196526
8981178.61,40.88835919675194,101.8220092
9050376.92,40.87738446166924,101.82433380000002
9120108.39,40.86657178729986,101.826627
9190377.13,40.855919634935276,101.82888899999998
9261187.28,40.845424600926705,101.8311204
9332543.01,40.835085183575266,101.8333214
9404448.52,40.824899895602876,101.83549219999999
9476908.05,40.814865390412294,101.83763339999999
9549925.86,40.804980683048235,101.8397451
9623506.26,40.79524293064246,101.8418278
9697653.59,40.785650243312574,101.8438818
9772372.21,40.7761998134989,101.8459076
9847666.52,40.766891180871525,101.8479052
9923540.96,40.75772203220191,101.84987499999998
10000000.0,40.748689140620876,101.85181760000002
10077048.1,40.73979115562534,101.8537332
10154689.9,40.731027201652225,101.85562189999999
10232929.9,40.72239455894764,101.85748420000002
10311772.7,40.71389052406384,101.8593206
10391223.0,40.70551518380145,101.86113099999999
10471285.5,40.6972644721278,101.8629162
10551964.8,40.689138958670526,101.864676
10633265.7,40.681135527068875,101.866411
10715193.1,40.67325199860629,101.86812160000001
10797751.6,40.66548804801607,101.8698078
10880946.3,40.65784151636283,101.87147000000002
10964782.0,40.65030933794051,101.8731088
11049263.6,40.64289213408916,101.874724
11134396.1,40.63558685912376,101.8763162
11220184.5,40.62839139822338,101.8778858
11306634.0,40.62130639461928,101.8794326
11393749.5,40.614327918430746,101.88095740000001
11481536.2,40.60745571314393,101.88246020000001
11569999.3,40.60068769963503,101.8839414
11659144.0,40.59402272161292,101.88540119999999
11748975.5,40.587459629768226,101.88683979999999
11839499.2,40.58099637024409,101.8882576
11930720.4,40.574631809305984,101.88965479999999
12022644.3,40.56836390967525,101.8910318
12115276.6,40.56219246181918,101.89238860000002
12208622.5,40.556115442316106,101.8937256
12302687.7,40.550130836389194,101.89504319999999
12397477.6,40.54423845260467,101.89634140000001
12492997.9,40.53843719593341,101.8976204
12589254.1,40.532724164527146,101.8988808
12686252.0,40.52709918378268,101.9001226
12783997.2,40.52156027194408,101.90134619999999
12882495.5,40.51610726376782,101.90255160000001
12981752.8,40.51073818900501,101.9037392
13081774.7,40.50545198801884,101.9049092
13182567.4,40.50024760603688,101.9060618
13284136.6,40.49512399304537,101.90719720000003
13386488.4,40.49007920197013,101.9083158
13489628.8,40.48511309477267,101.90941760000001
13593563.9,40.48022373440275,101.91050300000002
13698299.8,40.475410090365756,101.91157219999998
13803842.6,40.47067203604223,101.91262520000001
13910198.7,40.466006749442975,101.9136626
14017374.2,40.46141501128032,101.9146842
14125375.4,40.45689490770653,101.9156904
14234208.8,40.45244542838554,101.91668140000002
14343880.8,40.4480646694592,101.9176576
14454397.7,40.443753423043205,101.9186188
14565766.2,40.439509792083605,101.9195654
14677992.7,40.43533188483558,101.9204978
14791083.9,40.4312205012421,101.9214158
14905046.4,40.427173755896405,101.9223198
15019887.0,40.42319066304466,101.92321
15135612.5,40.419270240128284,101.9240866
15252229.6,40.4154115077091,101.92494979999998
15369745.2,40.41161348939574,101.9257998
15488166.2,40.40787610483288,101.92663659999998
15607499.6,40.4041974896775,101.92746059999999
15727752.5,40.40057801471626,101.9282717
15848931.9,40.397015375495975,101.92907040000001
15971045.0,40.3935099471887,101.92985659999998
16094098.9,40.39006032304456,101.93063059999999
16218101.0,40.386664654227815,101.93139279999998
16343058.4,40.38332465780593,101.9321428
16468978.7,40.380036708284386,101.9328814
16595869.1,40.376802525568266,101.9336082
16723737.2,40.37361938051235,101.9343238
16852590.4,40.3704881055546,101.935028
16982436.5,40.36740686631512,101.9357212
17113283.0,40.3643747204407,101.9364036
17245137.7,40.36139161594094,101.9370752
17378008.3,40.35845661381159,101.93773619999997
17511902.6,40.35556966472569,101.93838660000002
17646828.6,40.35272894560364,101.93902680000001
17782794.1,40.34993441055187,101.9396568
17919807.2,40.347185127735,101.94027679999999
18057876.0,40.34448016722095,101.94088699999999
18197008.6,40.341819487095165,101.9414874
18337213.2,40.33920216026718,101.9420782
18478498.0,40.33662814705461,101.94265940000001
18620871.4,40.334095637736894,101.94323139999999
18764341.7,40.33160459554928,101.9437942
18908917.5,40.329154099506056,101.944348
19054607.2,40.32674499944217,101.94489259999999
19201419.4,40.324374607398745,101.9454286
19349362.8,40.32204289126939,101.945956
19498446.0,40.31974981949129,101.9464748
19648677.9,40.31749536104424,101.94698500000001
19800067.3,40.315277718633155,101.947487
19952623.1,40.31309686367383,101.9479808
20106354.4,40.310951885113525,101.94846660000002
20261270.1,40.308842756004395,101.94894439999999
20417379.4,40.306768567337386,101.9494144
20574691.6,40.304729293727945,101.9498766
20733215.7,40.3027231460181,101.9503314
20892961.3,40.30075186473468,101.9507784
21053937.7,40.29881278068417,101.9512182
21216154.4,40.29690587199185,101.95165080000002
21379620.9,40.295031998468644,101.952076
21544346.9,40.293189376174425,101.9524942
21710342.1,40.29137710399329,101.9529056
21877616.2,40.28959604339554,101.95331
22046179.2,40.287844413755664,101.9537078
22216040.9,40.28612307739131,101.9540988
22387211.4,40.28443025558709,101.95448339999999
22559700.7,40.2827668114615,101.9548614
22733519.0,40.281131848001486,101.955233
22908676.5,40.27952446916742,101.95559839999999
23085183.6,40.27794377986291,101.9559578
23263050.7,40.276390644676354,101.95631099999999
23442288.2,40.274864169366865,101.95665819999999
23622906.6,40.27336390012116,101.95699950000002
23804916.7,40.27188938368546,101.95733499999999
23988329.2,40.27044016735017,101.9576648
24173154.8,40.26901579893809,101.95798899999998
24359404.5,40.26761538754955,101.9583078
24547089.2,40.26623979974923,101.95862100000001
24736219.9,40.264888145353346,101.9589288
24926807.9,40.263559534945756,101.95923139999998
25118864.3,40.262253957779905,101.95952880000002
25312400.5,40.26097140329999,101.959821
25507427.8,40.25971098347456,101.9601082
25703957.8,40.25847268850895,101.96039040000001
25902002.0,40.25725563137216,101.9606678
26101572.2,40.2560598029887,101.96094040000001
26302679.9,40.25488519444484,101.96120819999999
26505337.2,40.25373091993828,101.9614714
26709555.9,40.252596971226794,101.96173
26915348.0,40.251483340215685,101.96198400000002
27122725.8,40.25038914225286,101.9622336
27331701.4,40.24931349327555,101.96247899999999
27542287.0,40.24825813924693,101.9627198
27754495.2,40.24722044350532,101.96295660000001
27968338.5,40.2462012758885,101.9631892
28183829.3,40.24520062976233,101.9634176
28400980.5,40.24421674647522,101.9636422
28619804.8,40.2432513721743,101.9638626
28840315.0,40.24230274883446,101.96407919999999
29062524.3,40.2413708708723,101.964292
29286445.6,40.240455732804826,101.96450099999998
29512092.3,40.239557329248356,101.9647062
29739477.5,40.23867477941917,101.9649078
29968614.6,40.23780807840025,101.9651058
30199517.2,40.23695634604021,101.96530040000002
30432198.9,40.23612045309633,101.96549139999998
30666673.3,40.23529951976083,101.965679
30902954.3,40.23449266664699,101.96586339999999
31141055.8,40.23370163973972,101.9660442
31380991.9,40.232923809909565,101.96622200000002
31622776.6,40.232160923210365,101.96639639999998
31866424.2,40.23141122612551,101.96656780000002
32111949.1,40.23067471517951,101.96673620000001
32359365.7,40.22995226156199,101.9669014
32608688.6,40.22924298717061,101.9670636
32859932.5,40.22854601425895,101.96722300000002
33113112.1,40.22786221420237,101.96737939999998
33368242.5,40.22719070951224,101.96753300000002
33625338.6,40.226530623033,101.967684
33884415.6,40.22588370048703,101.96783200000002
34145488.7,40.22524819063682,101.9679774
34408573.4,40.2246240909317,101.96812019999999
34673685.0,40.22401139886745,101.96826039999999
34940839.3,40.22341011198604,101.968398
35210052.0,40.22282022787558,101.968533
35481338.9,40.222240870357595,101.96866559999998
35754716.0,40.22167203728698,101.9687958
36030199.5,40.22111372655833,101.96892359999998
36307805.5,40.2205650624642,101.9690492
36587550.4,40.22002691672884,101.96917239999999
36869450.6,40.21949928736099,101.96929319999998
37153522.9,40.218980425451825,101.96941199999999
37439783.9,40.21847207625362,101.96952839999999
37728250.5,40.21797249113601,101.9696428
38018939.6,40.21748166855916,101.96975519999997
38311868.5,40.21700048028485,101.9698654
38607054.3,40.216528924682606,101.96997339999999
38904514.5,40.21606525379485,101.9700796
39204266.6,40.21561033946857,101.97018379999999
39506328.1,40.21516330721505,101.97028619999998
39810717.1,40.21472502883655,101.9703866
40117451.2,40.214294629985446,101.97048519999998
40426548.7,40.21387298242291,101.9705818
40738027.8,40.21345833902607,101.97067680000002
41051906.7,40.21305157164376,101.97077
41368204.0,40.21265267914848,101.97086139999999
41686938.3,40.212260787645214,101.97095120000002
42008128.5,40.21187589616894,101.9710394
42331793.3,40.2114988764826,101.97112580000002
42657951.9,40.211128854868605,101.9712106
42986623.5,40.21076495777925,101.97129399999999
43317827.4,40.21040805702977,101.9713758
43651583.2,40.2100581517417,101.971456
43987910.6,40.209715241053516,101.9715346
44326829.2,40.20937757913259,101.97161200000001
44668359.2,40.2090469102757,101.97168780000001
45012520.6,40.20872236124198,101.9717622
45359333.7,40.208403931332356,101.97183519999999
45708819.0,40.20809074749856,101.971907
46060996.9,40.2077845538243,101.97197720000001
46415888.3,40.207482732655684,101.9720464
46773514.1,40.207187900337196,101.97211400000003
47133895.4,40.20689743942327,101.9721806
47497053.3,40.20661309388856,101.97224579999998
47863009.2,40.206333990938454,101.97230979999999
48231784.8,40.206059257903675,101.9723728
48603401.8,40.20579063861521,101.9724344
48977881.9,40.20552638829521,101.972495
49355247.4,40.205267378610465,101.9725544
49735520.4,40.205013609083345,101.97261259999999
50118723.4,40.20476420722382,101.97266979999999
50504878.8,40.20451917264851,101.972726
50894009.5,40.20427850498075,101.9727812
51286138.4,40.204043075798445,101.9728352
51681288.6,40.203812012743256,101.97288819999999
52079483.3,40.203584443558825,101.9729404
52480746.0,40.203362111721674,101.9729914
52885100.4,40.20314327310997,101.97304160000002
53292570.3,40.20292879928868,101.9730908
53703179.6,40.20271781811565,101.9731392
54116952.7,40.202511201122775,101.97318659999999
54533913.7,40.202308947992435,101.973233
54954087.4,40.202109314913784,101.97327880000002
55377498.4,40.20191404516275,101.9733236
55804171.7,40.20172313843912,101.9733674
56234132.5,40.20153485106731,101.97341059999998
56667406.1,40.20135005454559,101.973453
57104017.9,40.20116874864732,101.97349459999998
57543993.7,40.20099093314923,101.9735354
57987359.5,40.20081660783315,101.9735754
58434141.3,40.200645772484656,101.97361460000002
58884365.5,40.20047755531108,101.9736532
59338058.6,40.200312827723145,101.97369100000002
59795247.3,40.200150717969166,101.9737282
60255958.6,40.19999209743279,101.9737646
60720219.6,40.19983609440173,101.97380040000002
61188057.6,40.19968358023418,101.9738354
61659500.2,40.19953281176973,101.97387
62134575.2,40.199385531858226,101.97390379999999
62613310.5,40.19924086886208,101.97393699999999
63095734.4,40.199099694089966,101.97396940000002
63581875.4,40.198960264513026,101.97400140000002
64071761.9,40.198823451459276,101.9740328
64565422.9,40.19868925480257,101.9740636
65062887.5,40.19855767441919,101.9740938
65564184.9,40.19842871018814,101.9741234
66069344.8,40.198302361990486,101.9741524
66578396.8,40.19817775836217,101.97418099999999
67091371.0,40.19805577056165,101.97420900000002
67608297.5,40.19793596281553,101.97423649999998
68129206.9,40.19781877068673,101.9742634
68654129.8,40.19770288711889,101.97429000000001
69183097.1,40.19758961898979,101.97431600000002
69716140.0,40.19747896619515,101.9743414
70253289.9,40.197370057367785,101.97436640000001
70794578.4,40.197262892441,101.974391
71340037.5,40.1971583425923,101.97441499999998
71889699.2,40.19705466525938,101.97443880000002
72443596.0,40.196953602855565,101.974462
73001760.5,40.1968542840752,101.9744848
73564225.4,40.19675758005968,101.974507
74131024.1,40.19666174833456,101.97452900000002
74702189.9,40.19656853123651,101.97455040000001
75277756.4,40.19647618633219,101.9745716
75857757.5,40.19638645592199,101.97459219999999
76442227.4,40.19629759761224,101.9746126
77031200.6,40.1962104825222,101.9746326
77624711.7,40.196125110598395,101.97465220000001
78222795.6,40.19604191735305,101.9746713
78825487.7,40.19595959604088,101.97469020000001
79432823.5,40.19587945330569,101.97470859999999
80044838.6,40.195800182428826,101.9747268
80661569.2,40.195722654482694,101.9747446
81283051.6,40.19564686941962,101.974762
81909322.4,40.19557282719306,101.97477900000001
82540418.5,40.19549965668397,101.9747958
83176377.1,40.195427357869704,101.97481239999999
83817235.6,40.195357672846356,101.97482839999999
84463031.9,40.195288859445206,101.9748442
85113803.8,40.19522091764533,101.97485979999999
85769589.9,40.195154718464046,101.974875
86430428.6,40.195089390829025,101.97489
87096359.0,40.195025805745395,101.97490460000002
87767420.3,40.19496309215534,101.97491900000001
88443651.9,40.194902121052216,101.974933
89125093.8,40.194841150385344,101.97494700000001
89811786.1,40.19478279315598,101.9749604
90503769.2,40.19472443632631,101.97497380000001
91201083.9,40.19466782187379,101.9749868
91903771.3,40.194612949763446,101.9749994
92611872.8,40.19455807800657,101.975012
93325430.1,40.19450494854716,101.9750242
94044485.2,40.19445269038562,101.97503620000002
94769080.5,40.194401303506254,101.975048
95499258.6,40.19435078789315,101.97505959999998
96235062.6,40.19430201448184,101.9750708
96976535.9,40.19425324134994,101.97508199999999
97723722.1,40.19420621038001,101.9750928
98476665.2,40.19416005060661,101.97510339999998
99235409.6,40.194114762015275,101.9751138
100000000.0,40.19407034459248,101.97512399999998
100770481.0,40.19402679832423,101.975134
101546899.0,40.193984123197396,101.9751438
102329299.0,40.1939431901134,101.9751532
103117727.0,40.19390225722599,101.97516260000002
103912230.0,40.19386219544175,101.9751718
104712855.0,40.19382300474814,101.97518079999999
105519648.0,40.19378555603144,101.97518940000002
106332657.0,40.19374810747958,101.975198
107151931.0,40.193711529983105,101.97520640000002
107977516.0,40.193675823531045,101.9752146
108809463.0,40.1936409881122,101.97522260000001
109647820.0,40.193607023716005,101.97523040000002
110492636.0,40.193573059455304,101.9752382
111343961.0,40.19354083707678,101.9752456
112201845.0,40.19350905025509,101.97525290000002
113066340.0,40.193478134419216,101.97525999999999
113937495.0,40.193447654127354,101.975267
114815362.0,40.19341804480548,101.9752738
115699993.0,40.19338930644447,101.97528039999999
116591440.0,40.19336143903531,101.97528680000002
117489755.0,40.19333357171757,101.9752932
118394992.0,40.19330657534034,101.9752994
119307204.0,40.193280449895525,101.97530539999998
120226443.0,40.19325519537493,101.9753112
121152766.0,40.193230811770995,101.97531679999999
122086225.0,40.193206428236735,101.97532240000001
123026877.0,40.19318291560923,101.9753278
123974776.0,40.19316027388108,101.975333
124929979.0,40.193138503045446,101.975338
125892541.0,40.193116732265466,101.97534299999998
126862520.0,40.19309583236891,101.9753478
127839972.0,40.19307580334946,101.97535240000002
128824955.0,40.193055774377285,101.975357
129817528.0,40.19303661627396,101.97536140000001
130817747.0,40.19301832903383,101.97536559999999
131825674.0,40.193000912651,101.97536960000001
132841366.0,40.19298349630383,101.97537360000001
133864884.0,40.19296695080708,101.9753774
134896288.0,40.19295040534235,101.97538120000002
135935639.0,40.19293473072139,101.97538479999999
136982998.0,40.19291992693903,101.9753882
138038426.0,40.192905123182456,101.9753916
139101987.0,40.192891190258536,101.9753948
140173742.0,40.19287812816308,101.97539780000001
141253754.0,40.192865936892126,101.9754006
142342088.0,40.19285287483533,101.97540360000002
143438808.0,40.1928415544025,101.9754062
144543977.0,40.192830233984594,101.9754088
145657662.0,40.192819784381435,101.9754112
146779927.0,40.192809334791086,101.9754136
147910839.0,40.19279975601115,101.97541580000001
149050464.0,40.19279104803886,101.97541779999999
150198870.0,40.192782340075354,101.9754198
151356125.0,40.19277450291582,101.9754216
152522296.0,40.19276753655791,101.9754232
153697452.0,40.19276057020569,101.97542479999998
154881662.0,40.19275360385911,101.97542639999999
156074996.0,40.192747508310475,101.9754278
157277525.0,40.192742283558104,101.97542899999999
158489319.0,40.19273705880886,101.97543019999999
159710450.0,40.19273270485356,101.9754312
160940989.0,40.192729221691046,101.97543199999998
162181010.0,40.19272573852984,101.9754328
163430584.0,40.192722255370114,101.97543359999999
164689787.0,40.192719643001205,101.9754342
165958691.0,40.19271790142238,101.9754346
167237372.0,40.192716159843904,101.975435
168525904.0,40.192715289054746,101.97543520000002
169824365.0,40.192715289054874,101.97543519999999
171132830.0,40.192715289054874,101.97543519999999
172451377.0,40.192715289054874,101.97543519999999
173780083.0,40.192716159843904,101.975435
175119026.0,40.19271790142238,101.9754346
176468286.0,40.19271964300114,101.97543420000001
177827941.0,40.19272225537005,101.9754336
179198072.0,40.19272486773982,101.97543299999998
180578760.0,40.19272835090055,101.9754322
181970086.0,40.19273270485356,101.9754312
183372132.0,40.19273705880886,101.97543019999999
184784980.0,40.19274141276626,101.97542920000001
186208714.0,40.19274750831053,101.97542779999999
187643417.0,40.192752733066186,101.97542659999999
189089175.0,40.19275969941192,101.97542500000002
190546072.0,40.19276579496928,101.9754236
192014194.0,40.19277363212082,101.97542179999999
193493628.0,40.19278146927949,101.97542
194984460.0,40.192789306445434,101.9754182
196486779.0,40.19279844981468,101.97541610000002
198000673.0,40.192807593193855,101.97541400000001
199526231.0,40.19281804278207,101.97541160000002
201063544.0,40.192827621582566,101.9754094
202612701.0,40.192838941996946,101.97540680000002
204173794.0,40.19285026242648,101.9754042
205746916.0,40.19286245367512,101.97540139999998
207332157.0,40.19287464494097,101.97539860000002
208929613.0,40.19288770703115,101.9753956
210539377.0,40.19290076914125,101.9753926
212161544.0,40.192914702080756,101.97538940000001
213796209.0,40.19292950585399,101.97538600000001
215443469.0,40.192944309652944,101.97538260000002
217103421.0,40.19295998429171,101.975379
218776162.0,40.19297565895933,101.97537539999999
220461792.0,40.19299220447294,101.97537160000002
222160409.0,40.193009620838026,101.97536759999998
223872114.0,40.19302703723854,101.9753636
225597007.0,40.19304532449749,101.97535939999999
227335190.0,40.19306448262035,101.975355
229086765.0,40.1930836407863,101.9753506
230851836.0,40.193103669824126,101.97534599999999
232630507.0,40.19312456973977,101.9753412
234422882.0,40.19314546970671,101.97533640000002
236229066.0,40.193167240560264,101.9753314
238049167.0,40.193189011469414,101.9753264
239883292.0,40.19321165327396,101.9753212
241731548.0,40.19323516598074,101.97531580000002
243594045.0,40.19325954959732,101.97531019999998
245470892.0,40.193283933283396,101.97530460000002
247362199.0,40.1933091878892,101.9752988
249268079.0,40.19333531342216,101.97529280000002
251188643.0,40.19336143903531,101.97528680000002
253124005.0,40.19338843558649,101.9752806
255074278.0,40.19341630308386,101.9752742
257039578.0,40.19344504153595,101.97526760000001
259020020.0,40.19347378008521,101.97526099999997
261015722.0,40.19350338960082,101.97525419999998
263026799.0,40.19353387009201,101.9752472
265053372.0,40.19356522156825,101.97524
267095559.0,40.193596573159816,101.97523280000001
269153480.0,40.19362879574932,101.9752254
271227258.0,40.19366188934651,101.97521779999998
273317014.0,40.19369585396136,101.97521
275422870.0,40.19373068960459,101.975202
277544952.0,40.193765525390305,101.97519399999999
279683385.0,40.193801232218405,101.9751858
281838293.0,40.193837810099964,101.97517740000002
284009805.0,40.193875259046344,101.9751688
286198048.0,40.1939135790689,101.97515999999999
288403150.0,40.193952770179195,101.97515100000001
290625243.0,40.19399196146993,101.975142
292864456.0,40.19403289478838,101.9751326
295120923.0,40.19407382830341,101.97512320000001
297394775.0,40.19411563294746,101.9751136
299686146.0,40.19415830873312,101.97510380000001
301995172.0,40.19420272661482,101.9750936
304321989.0,40.19424714472808,101.97508339999999
306666733.0,40.19429243402318,101.975073
309029543.0,40.19433859451408,101.9750624
311410558.0,40.19438562621494,101.9750516
313809919.0,40.194433529140234,101.97504059999999
316227766.0,40.1944823033045,101.9750294
318664242.0,40.194531948722805,101.975018
321119491.0,40.194582465410456,101.9750064
323593657.0,40.194633853382896,101.97499459999999
326086886.0,40.194686112655816,101.97498259999999
328599325.0,40.19473924324528,101.9749704
331131121.0,40.19479411616924,101.9749578
333682425.0,40.19484898944671,101.9749452
336253386.0,40.19490560510348,101.9749322
338844156.0,40.19496222113649,101.97491920000002
341454887.0,40.19502057959538,101.97490579999999
344085734.0,40.19507980948464,101.97489220000001
346736850.0,40.195140781859834,101.9748782
349408393.0,40.19520175467143,101.97486420000001
352100520.0,40.1952644700188,101.9748498
354813389.0,40.19532805688398,101.97483520000002
357547160.0,40.195392515286734,101.9748204
360301995.0,40.195457845246665,101.9748054
363078055.0,40.19552491786007,101.97479000000001
365875504.0,40.19559286208499,101.9747744
368694506.0,40.19566167794214,101.9747586
371535229.0,40.195732236550114,101.97474240000001
374397839.0,40.19580366684738,101.97472600000002
377282505.0,40.19587596885594,101.97470940000001
380189396.0,40.195950013717756,101.97469239999998
383118685.0,40.1960258014779,101.97467500000002
386070543.0,40.19610158991263,101.9746576
389045145.0,40.196179992451206,101.9746396
392042666.0,40.19625839571145,101.9746216
395063281.0,40.19633854201225,101.97460320000002
398107171.0,40.196420431403055,101.97458439999998
401174512.0,40.19650319275732,101.97456539999999
404265487.0,40.196587697285615,101.97454599999999
407380278.0,40.196673945039706,101.97452620000001
410519067.0,40.19676106487011,101.97450619999998
413682040.0,40.19684992801486,101.9744858
416869383.0,40.19693966330784,101.97446519999998
420081285.0,40.197031142006736,101.97444419999998
423317933.0,40.19712436416767,101.9744228
426579519.0,40.19721845859857,101.97440119999997
429866235.0,40.197315167846625,101.974379
433178274.0,40.19741274946222,101.9743566
436515832.0,40.197512074754684,101.9743338
439879106.0,40.19761314378513,101.97431059999998
443268292.0,40.19771508531497,101.9742872
446683592.0,40.19781964199767,101.97426320000001
450125206.0,40.197925942607576,101.9742388
453593337.0,40.19803311587683,101.9742142
457088190.0,40.19814290452661,101.974189
460609969.0,40.198253565946914,101.97416359999998
464158883.0,40.198366842905415,101.9741376
467735141.0,40.198480992749246,101.97411139999998
471338954.0,40.198597758294284,101.97408459999998
474970533.0,40.198716268245335,101.97405739999999
478630092.0,40.198836522675236,101.9740298
482317848.0,40.19895939308547,101.9740016
486034018.0,40.19908313670834,101.9739732
489778819.0,40.1992094964882,101.97394420000002
493552474.0,40.199338036808385,101.97391470000001
497355204.0,40.19946832202756,101.97388480000001
501187234.0,40.19960078797257,101.97385439999998
505048788.0,40.19973499899125,101.9738236
508940095.0,40.19987182668739,101.97379219999999
512861384.0,40.20001127118693,101.97376019999997
516812886.0,40.20015246106836,101.9737278
520794833.0,40.200295396418795,101.973695
524807460.0,40.2004409489052,101.97366159999999
528851004.0,40.20058911866145,101.9736276
532925703.0,40.20073947001947,101.97359309999999
537031796.0,40.200892438907296,101.97355799999998
541169527.0,40.2010475896452,101.9735224
545339137.0,40.20120535818116,101.9734862
549540874.0,40.20136487298678,101.9734496
553774984.0,40.201527877540784,101.9734122
558041717.0,40.20169350033608,101.9733742
562341325.0,40.20186086980068,101.9733358
566674061.0,40.2020317295215,101.97329659999998
571040179.0,40.202205207948424,101.9732568
575439937.0,40.20238043346387,101.9732166
579873595.0,40.2025600215633,101.97317540000002
584341413.0,40.20274135707833,101.97313380000003
588843655.0,40.202926183787575,101.9730914
593380586.0,40.20311363006516,101.9730484
597952473.0,40.20330369608401,101.9730048
602559586.0,40.20349725391138,101.9729604
607202196.0,40.20369343187313,101.9729154
611880576.0,40.2038931020827,101.9728696
616595002.0,40.204096264785385,101.97282300000002
621345752.0,40.20430204825697,101.97277579999998
626133105.0,40.2045113246825,101.9727278
630957344.0,40.20472409431963,101.97267900000001
635818754.0,40.20493948539037,101.9726296
640717619.0,40.20515924221745,101.9725792
645654229.0,40.20538162096856,101.97252820000001
650628875.0,40.2056083660652,101.9724762
655641849.0,40.205838605724075,101.97242339999998
660693448.0,40.206071468072636,101.97237
665783968.0,40.20630869768543,101.97231560000002
670913710.0,40.20655029492738,101.9722602
676082975.0,40.206794515710406,101.97220419999998
681292069.0,40.207043977024796,101.972147
686541298.0,40.20729606248787,101.9720892
691830971.0,40.20755251694656,101.97203039999998
697161400.0,40.20781334079501,101.9719706
702532899.0,40.208078534434684,101.9719098
707945784.0,40.20834722588476,101.9718482
713400375.0,40.20862028789246,101.97178559999999
718896992.0,40.20889859332274,101.97172180000001
724435960.0,40.20918039774155,101.9716572
730017605.0,40.20946657399874,101.97159160000001
735642254.0,40.20975712253478,101.97152500000003
741310241.0,40.21005291636024,101.9714572
747021899.0,40.21035308342684,101.9713884
752777564.0,40.21065849682189,101.9713184
758577575.0,40.21096828445231,101.9712474
764422274.0,40.21128331948425,101.97117519999999
770312006.0,40.21160272977737,101.97110199999999
776247117.0,40.211927388578616,101.97102760000001
782227956.0,40.212257296487934,101.97095200000001
788254877.0,40.212592454114684,101.9708752
794328235.0,40.21293286207789,101.9707972
800448386.0,40.21327852100668,101.970718
806615692.0,40.213630304469426,101.97063740000002
812830516.0,40.213987340258086,101.9705556
819093224.0,40.2143496290324,101.97047259999998
825404185.0,40.21471804450309,101.9703882
831763771.0,40.215091714385096,101.9703026
838172356.0,40.21547238560619,101.9702154
844630319.0,40.21585831278784,101.97012699999999
851138038.0,40.21625036984184,101.97003720000001
857695899.0,40.21664943085334,101.96994579999999
864304286.0,40.217053750244,101.96985319999999
870963590.0,40.21746507540735,101.96975900000001
877674203.0,40.2178825339918,101.96966340000002
884436519.0,40.218307000307405,101.96956619999999
891250938.0,40.218738475400556,101.96946739999998
898117861.0,40.219176523586064,101.9693671
905037692.0,40.21962158264913,101.96926519999998
912010839.0,40.22007321689213,101.96916179999998
919037713.0,40.22053273781574,101.96905660000002
926118728.0,40.22099927301006,101.9689498
933254301.0,40.221473697360025,101.96884119999999
940444852.0,40.22195513839879,101.968731
947690805.0,40.22244447114844,101.968619
954992586.0,40.22294169696735,101.96850520000001
962350626.0,40.22344594329985,101.9683898
969765359.0,40.22395895936859,101.9682724
977237221.0,40.2244807467565,101.96815299999999
984766652.0,40.22501043297645,101.9680318
992354096.0,40.22554801950019,101.96790880000002
1000000000.0,40.22609438202949,101.96778380000002
1007704810.0,40.226650396516135,101.96765659999998
1015468990.0,40.22721431620138,101.96752759999998
1023292990.0,40.227787891416575,101.9673964
1031177270.0,40.22837024966809,101.9672632
1039122300.0,40.22896226725713,101.9671278
1047128550.0,40.229563071630764,101.96699039999999
1055196480.0,40.23017441389888,101.96685059999999
1063326570.0,40.230794546945994,101.9667088
1071519310.0,40.23142522219963,101.96656459999998
1079775160.0,40.23206644199778,101.96641799999999
1088094630.0,40.2327173338303,101.96626919999999
1096478200.0,40.23337877486647,101.96611800000001
1104926360.0,40.23405076756008,101.96596440000002
1113439610.0,40.23473418949956,101.9658082
1122018450.0,40.23542816826484,101.9656496
1130663400.0,40.23613358167076,101.9654884
1139374950.0,40.236849557240745,101.9653248
1148153620.0,40.23757784840795,101.96515839999999
1156999930.0,40.23831758286262,101.96498939999998
1165914400.0,40.239069639121155,101.96481759999999
1174897550.0,40.2398331448224,101.9646432
1183949920.0,40.24060985443698,101.9644658
1193072040.0,40.2413980200103,101.9642858
1202264430.0,40.24220027230293,101.96410259999999
1211527660.0,40.24301486339518,101.96391660000002
1220862250.0,40.24384267285135,101.96372760000001
1230268770.0,40.244683704517385,101.96353560000001
1239747760.0,40.245537962301896,101.9633406
1249299790.0,40.24640720276564,101.96314220000001
1258925410.0,40.247289677714726,101.9629408
1268625200.0,40.248187144209375,101.962736
1278399720.0,40.2490987304065,101.96252799999998
1288249550.0,40.25002531749608,101.9623166
1298175280.0,40.250966910362905,101.96210180000001
1308177470.0,40.25192439083498,101.96188339999999
1318256740.0,40.25289688729466,101.9616616
1328413660.0,40.25388528193747,101.9614362
1338648840.0,40.25488958028446,101.9612072
1348962880.0,40.2559106652205,101.96097440000001
1359356390.0,40.25694854276794,101.96073780000002
1369829980.0,40.25800321905004,101.9604974
1380384260.0,40.25907557788972,101.96025300000001
1391019870.0,40.260165625948886,101.96000459999999
1401737420.0,40.26127293108785,101.9597523
1412537540.0,40.2623988169309,101.9594958
1423420880.0,40.26354285179654,101.9592352
1434388080.0,40.26470636024615,101.95897020000002
1445439770.0,40.26588847193722,101.95870099999999
1456576620.0,40.267090073017116,101.95842740000002
1467799270.0,40.2683120502619,101.9581492
1479108390.0,40.26955353373633,101.9578666
1490504640.0,40.27081628956252,101.95757920000001
1501988700.0,40.2720994482318,101.95728719999998
1513561250.0,40.27340389801206,101.9569904
1525222960.0,40.27472964865495,101.95668879999998
1536974520.0,40.27607758942668,101.95638220000002
1548816620.0,40.277448610322885,101.9560704
1560749960.0,40.27884184281479,101.95575360000001
1572775250.0,40.28025817754886,101.95543159999998
1584893190.0,40.28169762600996,101.95510440000001
1597104500.0,40.28316196004358,101.95477160000002
1609409890.0,40.284650312203254,101.95443340000001
1621810100.0,40.28616445582248,101.9540894
1634305840.0,40.28770264350107,101.95374
1646897870.0,40.28926753035958,101.9533846
1659586910.0,40.2908582501815,101.9530234
1672373720.0,40.2924756984313,101.95265619999999
1685259040.0,40.29411989027715,101.952283
1698243650.0,40.29579260392439,101.9519034
1711328300.0,40.29749297454629,101.9515176
1724513770.0,40.299222782127615,101.9511252
1737800830.0,40.300981162604856,101.95072640000001
1751190260.0,40.30276901571043,101.95032100000002
1764682860.0,40.30458724222459,101.9499088
1778279410.0,40.3064367440069,101.9494896
1791980720.0,40.308317541343335,101.9490634
1805787600.0,40.31022965487338,101.94863019999998
1819700860.0,40.31217487176291,101.94818960000002
1833721320.0,40.31415321459079,101.94774160000001
1847849800.0,40.316165589831954,101.94728599999998
1862087140.0,40.31821202149496,101.94682280000002
1876434170.0,40.32029341793724,101.9463518
1890891750.0,40.32240980466635,101.945873
1905460720.0,40.32456341856157,101.9453859
1920141940.0,40.32675384542375,101.94489059999997
1934936280.0,40.32898155592329,101.94438699999999
1949844600.0,40.33124790675953,101.9438748
1964867790.0,40.33355381392076,101.9433538
1980006730.0,40.33589930936397,101.94282400000002
1995262310.0,40.33828531141228,101.9422852
2010635440.0,40.340712739967884,101.9417372
2026127010.0,40.34318163025203,101.94117999999999
2041737940.0,40.34569379124499,101.94061319999999
2057469160.0,40.348250147847715,101.94003660000001
2073321570.0,40.35085073962292,101.9394502
2089296130.0,40.35349738160416,101.9388536
2105393770.0,40.3561892288031,101.93824699999999
2121615440.0,40.358928987645264,101.9376298
2137962090.0,40.3617167040808,101.937002
2154434690.0,40.364553313430676,101.9363634
2171034210.0,40.367439753061134,101.9357138
2187761620.0,40.37037785157842,101.93505279999998
2204617920.0,40.373366772639926,101.9343806
2221604090.0,40.376409238686264,101.93369660000002
2238721140.0,40.37950619680022,101.93300060000001
2255970070.0,40.382656815590295,101.9322928
2273351900.0,40.38586471719775,101.9315724
2290867650.0,40.38912907479162,101.93083960000001
2308518360.0,40.392452627139406,101.93009379999998
2326305070.0,40.395834551228845,101.9293352
2344228820.0,40.39927759253626,101.9285632
2362290660.0,40.40278271714215,101.92777760000001
2380491670.0,40.40635089399928,101.92697820000001
2398832920.0,40.40998398828606,101.92616460000002
2417315480.0,40.41368208241244,101.92533680000001
2435940450.0,40.41744704847335,101.9244944
2454708920.0,40.42127986887728,101.9236372
2473621990.0,40.42518331907846,101.9227646
2492680790.0,40.42915749536378,101.92187659999999
2511886430.0,40.433204287306104,101.92097280000002
2531240050.0,40.437325589799464,101.9200528
2550742780.0,40.4415215100387,101.9191166
2570395780.0,40.44579484841084,101.9181636
2590200200.0,40.45014751536946,101.9171934
2610157220.0,40.45457963139708,101.916206
2630267990.0,40.459094913095946,101.9152006
2650533720.0,40.463692592534386,101.9141774
2670955590.0,40.46837639949935,101.91313560000002
2691534800.0,40.47314737459079,101.91207499999999
2712272580.0,40.47800746367351,101.91099520000002
2733170140.0,40.48295861964172,101.9098958
2754228700.0,40.488001901133195,101.9087766
2775449520.0,40.49314107818982,101.90763680000002
2796833850.0,40.498376322528586,101.9064764
2818382930.0,40.50371051879823,101.90529479999998
2840098050.0,40.50914656203076,101.9040914
2861980480.0,40.514684645024175,101.90286619999999
2884031500.0,40.520328584172475,101.90161839999999
2906252430.0,40.52608039850415,101.90034760000002
2928644560.0,40.53194211626266,101.89905339999999
2951209230.0,40.537916681963324,101.8977352
2973947750.0,40.54400523759132,101.89639279999999
2996861460.0,40.55021165690025,101.8950254
3019951720.0,40.55653801181165,101.8936326
3043219890.0,40.56298729448686,101.89221379999998
3066667330.0,40.56956160081284,101.89076860000002
3090295430.0,40.57626394903732,101.88929639999999
3114105580.0,40.58309737213121,101.88779659999999
3138099190.0,40.59006491826749,101.88626860000001
3162277660.0,40.59716965131268,101.88471180000002
3186642420.0,40.60441373744016,101.8831258
3211194910.0,40.611801185741925,101.88150980000002
3235936570.0,40.61933511020787,101.8798632
3260868860.0,40.62701864262988,101.8781854
3285993250.0,40.634854933168036,101.87647579999998
3311311210.0,40.64284898697319,101.8747334
3336824250.0,40.65100307906968,101.8729578
3362533860.0,40.659320421070866,101.8711484
3388441560.0,40.66780608692005,101.8693042
3414548870.0,40.676464257950826,101.8674244
3440857340.0,40.68529729657427,101.8655086
3467368500.0,40.69431035531528,101.86355580000001
3494083930.0,40.703507693969875,101.8615652
3521005200.0,40.712893601268306,101.859536
3548133890.0,40.722472395856755,101.85746740000002
3575471600.0,40.73224935500531,101.85535840000001
3603019950.0,40.74222793473108,101.85320839999999
3630780550.0,40.7524134795829,101.85101640000002
3658755040.0,40.762812303827445,101.84878119999999
3686945060.0,40.773427969886285,101.84650219999999
3715352290.0,40.78426593911546,101.84417840000002
3743978390.0,40.795332650303,101.8418086
3772825050.0,40.806632719920735,101.83939199999999
3801893960.0,40.8181726796777,101.8369274
3831186850.0,40.82995817567045,101.83441379999998
3860705430.0,40.84199490344964,101.8318502
3890451450.0,40.85428955083833,101.82923539999999
3920426660.0,40.866848864217204,101.8265682
3950632810.0,40.879678706839655,101.82384759999998
3981071710.0,40.8927868898094,101.82107219999999
4011745120.0,40.906179401704826,101.81824099999999
4042654870.0,40.919865137790666,101.81535240000001
4073802780.0,40.93385022620303,101.81240540000002
4105190670.0,40.94814276477731,101.8093986
4136820400.0,40.96275093346384,101.80633059999998
4168693830.0,40.97768299750783,101.80319999999999
4200812850.0,40.992947310749045,101.8000054
4233179330.0,41.00855231904574,101.7967454
4265795190.0,41.024507523859654,101.79341839999998
4298662350.0,41.04082253325902,101.79002280000002
4331782740.0,41.05750610244431,101.78655719999999
4365158320.0,41.074568059908614,101.78302
4398791060.0,41.09202028912438,101.77940920000002
4432682920.0,41.109870935495664,101.7757236
4466835920.0,41.12813311666152,101.771961
4501252060.0,41.14681621488572,101.76812
4535933370.0,41.165933648982815,101.76419839999998
4570881900.0,41.185495097692126,101.76019479999998
4606099690.0,41.205516267425864,101.7561066
4641588830.0,41.226007172907416,101.75193239999999
4677351410.0,41.246981927920324,101.74767
4713389540.0,41.2684548495541,101.74331720000004
4749705330.0,41.29043947671748,101.73887200000001
4786300920.0,41.31295055245503,101.73433220000001
4823178480.0,41.33600305071583,101.7296956
4860340180.0,41.35961318500304,101.72495980000001
4897788190.0,41.383797431873965,101.7201224
4935524740.0,41.40857254284336,101.71518099999999
4973552040.0,41.43395555685167,101.7101332
5011872340.0,41.45996482359983,101.7049764
5050487880.0,41.48661901958931,101.699708
5089400950.0,41.5139371633476,101.6943254
5128613840.0,41.541939651423014,101.68882579999999
5168128860.0,41.57064829232319,101.68320619999999
5207948330.0,41.60008326181785,101.677464
5248074600.0,41.63026824025232,101.671596
5288510040.0,41.66122635075123,101.6655992
5329257030.0,41.69298224020507,101.6594704
5370317960.0,41.72555899653184,101.6532068
5411695270.0,41.75898545810799,101.64680460000001
5453391370.0,41.79328794062394,101.64026059999999
5495408740.0,41.828494424447,101.63357140000001
5537749840.0,41.864634608084955,101.62673340000002
5580417170.0,41.901739965470554,101.61974279999998
5623413250.0,41.93984060145769,101.6125962
5666740610.0,41.97897061186538,101.60528960000002
5710401790.0,42.01916604288258,101.59781880000001
5754399370.0,42.06046062988433,101.59018020000002
5798735950.0,42.10289448294085,101.58236920000002
5843414130.0,42.146505518444954,101.5743818
5888436550.0,42.191334938520086,101.56621360000001
5933805860.0,42.2374251388937,101.55786020000001
5979524730.0,42.28482200351252,101.5493168
6025595860.0,42.33357168509687,101.5405788
6072021960.0,42.38372403226926,101.53164120000001
6118805760.0,42.43532934725367,101.52249920000001
6165950020.0,42.488441866504445,101.5131476
6213457520.0,42.54311764227008,101.5035812
6261331050.0,42.5994158114954,101.49379460000002
6309573440.0,42.657398758075644,101.48378220000001
6358187540.0,42.717129948060695,101.47353860000001
6407176190.0,42.778678750814755,101.4630578
6456542290.0,42.84211835222842,101.4523336
6506288750.0,42.90752119292694,101.4413604
6556418490.0,42.97496987814016,101.43013139999998
6606934480.0,43.04454551583625,101.41864060000002
6657839680.0,43.11633878984552,101.40688100000001
6709137100.0,43.1904418152308,101.394846
6760829750.0,43.26695206092856,101.3825288
6812920690.0,43.34597523292323,101.36992200000002
6865412980.0,43.427621979535836,101.3570182
6918309710.0,43.51200699319952,101.34381019999998
6971614000.0,43.59925585337169,101.33029
7025328990.0,43.68949920354534,101.3164498
7079457840.0,43.782877182569976,101.3022814
7134003750.0,43.87953746799169,101.2877766
7188969920.0,43.979638635249586,101.2729268
7244359600.0,44.08334966540426,101.2577232
7300176050.0,44.19085223024745,101.2421566
7356422540.0,44.30233755677452,101.226218
7413102410.0,44.41801164153587,101.209898
7470218990.0,44.538098037257015,101.19318659999999
7527775640.0,44.66283359196553,101.17607399999999
7585775750.0,44.79247429820837,101.15855
7644222740.0,44.927297192820284,101.140604
7703120060.0,45.067600972805344,101.1222252
7762471170.0,45.21370675024833,101.10340280000001
7822279560.0,45.36596533812717,101.0841254
7882548770.0,45.524758930862845,101.06438120000001
7943282350.0,45.69050144012628,101.0441584
8004483860.0,45.86364405480581,101.023445
8066156920.0,46.04468506684354,101.00222819999999
8128305160.0,46.23416880061867,100.98049520000001
8190932240.0,46.43269179967802,100.95823320000001
8254041850.0,46.64092116866883,100.93542819999999
8317637710.0,46.85958747949273,100.9120668
8381723560.0,47.08950992732057,100.8881346
8446303190.0,47.33160192382505,100.86361699999999
8511380380.0,47.5868842326097,100.8384994
8576958990.0,47.85651155168968,100.8127664
8643042860.0,48.141791561629155,100.78640220000001
8709635900.0,48.44420847677314,100.759391
8776742030.0,48.765464182706936,100.73171639999997
8844365190.0,49.10752230619393,100.70336140000002
8912509380.0,49.4726563992713,100.67430900000001
8981178610.0,49.863530620857894,100.6445414
9050376920.0,50.28328757682466,100.61404039999998
9120108390.0,50.73566422656762,100.5827878
9190377130.0,51.2251692165329,100.55076439999999
9261187280.0,51.75729164436143,100.51795100000001
9332543010.0,52.33882777332012,100.48432740000001
9404448520.0,52.97830557166897,100.44987360000002
9476908050.0,53.686657665567985,100.41456859999998
9549925860.0,54.47820173579171,100.37839100000001
9623506260.0,55.37219620262925,100.34131920000002
9697653590.0,56.39543321258966,100.3033308
9772372210.0,57.586754197922545,100.26440280000001
9847666520.0,59.005553703362786,100.22451200000002
9923540960.0,60.74948113715425,100.18363460000002
10000000000.0,62.99654968694787,100.14174579999998
10077048100.0,66.12790570814958,100.098821
10154689900.0,71.24191909929681,100.05483439999999
10232929900.0,86.23202742101802,100.00976
10311772700.0,74.79007268307961,99.963571
10391223000.0,67.55622812734691,99.91624
10471285500.0,63.58625738053986,99.86773960000001
10551964800.0,60.81321355372252,99.81804080000002
10633265700.0,58.66763468184559,99.76711460000001
10715193100.0,56.9092230522877,99.7149314
10797751600.0,55.413710753350614,99.66146100000002
10880946300.0,54.10840822529896,99.6066722
10964782000.0,52.94710936561701,99.5505334
11049263600.0,51.89860701883542,99.4930124
11134396100.0,50.940828143725284,99.43407620000002
11220184500.0,50.05758949493846,99.3736914
11306634000.0,49.23666575372111,99.31182360000001
11393749500.0,48.46860223971004,99.24843800000001
11481536200.0,47.74593272519578,99.183499
11569999300.0,47.06266027987393,99.11697039999999
11659144000.0,46.41389390526527,99.04881520000002
11748975500.0,45.79559241283487,98.97899559999999
11839499200.0,45.20438322296339,98.9074736
11930720400.0,44.63741714754279,98.8342102
12022644300.0,44.092265388236584,98.75916539999999
12115276600.0,43.56684735017093,98.6822992
12208622500.0,43.059358863738154,98.6035702
12302687700.0,42.56823344624675,98.52293699999998
12397477600.0,42.09209486370603,98.4403568
12492997900.0,41.62973489131577,98.3557868
12589254100.0,41.180081296936464,98.26918299999998
12686252000.0,40.74218201477898,98.18050099999999
12783997200.0,40.31518709069665,98.0896958
12882495500.0,39.89833294390332,97.9967214
12981752800.0,39.49093359505461,97.90153140000001
13081774700.0,39.092369823117934,97.80407880000001
13182567400.0,38.70208085885171,97.704316
13284136600.0,38.31955586072056,97.6021944
13386488400.0,37.94433100213107,97.4976652
13489628800.0,37.5759826290039,97.39067899999999
13593563900.0,37.21412215544794,97.28118559999999
13698299800.0,36.85839357639905,97.1691344
13803842600.0,36.50846938094874,97.05447419999999
13910198700.0,36.16404820180345,96.9371534
14017374200.0,35.824851590457946,96.8171198
14125375400.0,35.49062284418356,96.694321
14234208800.0,35.161122261247534,96.56870339999999
14343880800.0,34.836130653918794,96.44021419999999
14454397700.0,34.51544190455245,96.3087992
14565766200.0,34.19886543780399,96.17440429999999
14677992700.0,33.88622405499139,96.0369752
14791083900.0,33.57735185465011,95.89645699999998
14905046400.0,33.272094544485284,95.75279479999999
15019887000.0,32.97030778290038,95.6059334
15135612500.0,32.671857313551335,95.4558178
15252229600.0,32.37661653570974,95.3023924
15369745200.0,32.08446775692923,95.145602
15488166200.0,31.79529995806602,94.985391
15607499600.0,31.5090096596442,94.82170419999999
15727752500.0,31.225499579698614,94.6544864
15848931900.0,30.944678127507473,94.4836824
15971045000.0,30.666459887652337,94.3092376
16094098900.0,30.390764455324238,94.1310976
16218101000.0,30.117515729040733,93.949208
16343058400.0,29.84664273047402,93.76351519999999
16468978700.0,29.578078580772804,93.573966
16595869100.0,29.31176043117391,93.3805078
16723737200.0,29.047629379635588,93.18308879999998
16852590400.0,28.78562935022284,92.9816574
16982436500.0,28.525708377918086,92.7761634
17113283000.0,28.267817240831036,92.5665572
17245137700.0,28.011909705078168,92.3527902
17378008300.0,27.757942255198,92.1348148
17511902600.0,27.505874297831628,91.9125848
17646828600.0,27.255667119296767,91.6860547
17782794100.0,27.007284899895406,91.4551808
17919807200.0,26.760693803817052,91.2199206
18057876000.0,26.515862200256937,90.9802332
18197008600.0,26.272760349584225,90.73607919999999
18337213200.0,26.03136012514318,90.48742060000001
18478498000.0,25.791635982535446,90.234222
18620871400.0,25.55356304267911,89.97644879999999
18764341700.0,25.317118823054045,89.7140692
18908917500.0,25.08228193751917,89.447053
19054607200.0,24.849032496979333,89.1753722
19201419400.0,24.617352283624502,88.8990014
19349362800.0,24.38722408558649,88.6179172
19498446000.0,24.158631749188313,88.3320984
19648677900.0,23.931560684073272,88.0415268
19800067300.0,23.705997239219823,87.7461866
19952623100.0,23.481928895267327,87.4460648
20106354400.0,23.259343851038036,87.14115080000002
20261270100.0,23.038231649533472,86.83143739999998
20417379400.0,22.818582339345067,86.5169198
20574691600.0,22.60038709215013,86.1975966
20733215700.0,22.383637814709168,85.87346939999999
20892961300.0,22.168327066278636,85.54454279999999
21053937700.0,21.95444811206456,85.21082459999998
21216154400.0,21.741995217824183,84.87232640000002
21379620900.0,21.530962812406067,84.5290624
21544346900.0,21.321346181055205,84.1810506
21710342100.0,21.11314114187865,83.8283124
21877616200.0,20.906344103527744,83.4708728
22046179200.0,20.70095166703065,83.1087598
22216040900.0,20.49696126538278,82.7420056
22387211400.0,20.294370542456445,82.3706456
22559700700.0,20.093177544223245,81.9947188
22733519000.0,19.893380785831933,81.61426800000001
22908676500.0,19.69497890368959,81.2293392
23085183600.0,19.497971148641412,80.83998260000001
23263050700.0,19.3023566458429,80.44625120000002
23442288200.0,19.108135281865554,80.0482026
23622906600.0,18.915306694932244,79.64589699999999
23804916700.0,18.723870958287968,79.2393986
23988329200.0,18.533828369488717,78.8287752
24173154800.0,18.34517917212055,78.4140976
24359404500.0,18.15792392789153,77.99544040000002
24547089200.0,17.972063330211608,77.5728816
24736219900.0,17.787597951593447,77.146502
24926807900.0,17.604528608085044,76.716386
25118864300.0,17.42285610902195,76.28262100000002
25312400500.0,17.242581358926902,75.8452976
25507427800.0,17.06370520991499,75.40450919999999
25703957800.0,16.88622848766827,74.960352
25902002000.0,16.710152016531538,74.512925
26101572200.0,16.53547664376425,74.06233000000002
26302679900.0,16.362203187154115,73.6086714
26505337200.0,16.190332238942858,73.1520556
26709555900.0,16.01986435603909,72.69259140000001
26915348000.0,15.8508002353561,72.23039040000002
27122725800.0,15.683140087618497,71.7655652
27331701400.0,15.516884335258483,71.2982312
27542287000.0,15.35203313947494,70.8285052
27754495200.0,15.18858637841905,70.35650520000002
27968338500.0,15.026544103069085,69.88235159999999
28183829300.0,14.865905886051461,69.4061652
28400980500.0,14.706671279436351,68.9280684
28619804800.0,14.54883971574326,68.4481848
28840315000.0,14.392410416615704,67.9666388
29062524300.0,14.237382180770133,67.4835548
29286445600.0,14.083754006680593,66.999059
29512092300.0,13.931524363197237,66.513277
29739477500.0,13.780691680876963,66.0263352
29968614600.0,13.631254078927507,65.5383598
30199517200.0,13.4832095318625,65.0494772
30432198900.0,13.336555786637787,64.5598136
30666673300.0,13.191290402726864,64.069495
30902954300.0,13.047410556004573,63.5786464
31141055800.0,12.90491337380125,63.087392799999996
31380991900.0,12.763795677573738,62.59585820000001
31622776600.0,12.624054023397623,62.1041656
31866424200.0,12.485684851371996,61.6124374
32111949100.0,12.348684237430984,61.1207944
32359365700.0,12.213048098171068,60.629356400000006
32608688600.0,12.078772165629804,60.138242
32859932500.0,11.945851854875764,59.647568
33113112100.0,11.814282405190632,59.15744980000001
33368242500.0,11.684058800927135,58.66800099999999
33625338600.0,11.55517585322066,58.17933360000001
33884415600.0,11.427628068312448,57.6915574
34145488700.0,11.301409883101432,57.2047808
34408573400.0,11.176515427140716,56.71910979999999
34673685000.0,11.052938549393463,56.23464800000001
34940839300.0,10.930673044329104,55.75149739999999
35210052000.0,10.809712366300362,55.26975720000001
35481338900.0,10.690049951905491,54.789525
35754716000.0,10.57167883700863,54.31089519999999
36030199500.0,10.454592023601418,53.833960399999995
36307805500.0,10.338782246933846,53.35881040000001
36587550400.0,10.224242089357979,52.88553259999999
36869450600.0,10.11096399270672,52.414212
37153522900.0,9.998940221772592,51.944931
37439783900.0,9.88816282843734,51.4777692
37728250500.0,9.778623757259599,51.0128038
38018939600.0,9.67031480619993,50.5501094
38311868500.0,9.56322763448364,50.089757999999996
38607054300.0,9.45735367724486,49.6318186
38904514500.0,9.352684337458928,49.17635800000001
39204266600.0,9.249210851467122,48.72344019999999
39506328100.0,9.146924385066919,48.27312680000001
39810717100.0,9.045815855422406,47.82547619999999
40117451200.0,8.945876251084595,47.380545000000005
40426548700.0,8.84709627257809,46.9383864
40738027800.0,8.749466693211518,46.4990518
41051906700.0,8.652978090631201,46.0625896
41368204000.0,8.557620981096214,45.6290458
41686938300.0,8.463385818216327,45.198464
42008128500.0,8.370262904417142,44.770885
42331793300.0,8.278242607265556,44.346347800000004
42657951900.0,8.18731513884958,43.9248886
42986623500.0,8.097470640922435,43.50654120000001
43317827400.0,8.008699267359713,43.0913374
43651583200.0,7.920991094238362,42.679306600000004
43987910600.0,7.834336158900416,42.27047600000001
44326829200.0,7.748724413507403,41.86487040000001
44668359200.0,7.6641458473239155,41.4625128
45012520600.0,7.580590396885476,41.063424000000005
45359333700.0,7.498047983028783,40.667622800000004
45708819000.0,7.416508546888059,40.2751262
46060996900.0,7.335961878369348,39.88594859999999
46415888300.0,7.2563979011049415,39.5001032
46773514100.0,7.177806499867092,39.11760120000001
47133895400.0,7.100177556017665,38.738452
47497053300.0,7.023500941387689,38.3626632
47863009200.0,6.947766471612749,37.99024039999999
48231784800.0,6.872964143623538,37.6211884
48603401800.0,6.799083844056932,37.255509800000006
48977881900.0,6.726115505636732,36.8932058
49355247400.0,6.6540490601060025,36.534276
49735520400.0,6.5828745119571375,36.17871879999999
50118723400.0,6.5125818514324285,35.826531
50504878800.0,6.443161167807241,35.4777084
50894009500.0,6.374602522967181,35.1322452
51286138400.0,6.306896064314741,34.7901346
51681288600.0,6.240031938761522,34.45136840000001
52079483300.0,6.174000326119893,34.1159372
52480746000.0,6.10879151123847,33.7838308
52885100400.0,6.044395798635104,33.45503780000001
53292570300.0,5.980803584606013,33.129546000000005
53703179600.0,5.918005233695295,32.80734180000001
54116952700.0,5.855991190066495,32.488410800000004
54533913700.0,5.794752048629216,32.1727382
54954087400.0,5.734278393314528,31.860307999999996
55377498400.0,5.6745608305459,31.551103199999996
55804171700.0,5.615590099340534,31.245106399999997
56234132500.0,5.557356949579657,30.9422992
56667406100.0,5.49985229032254,30.642662999999995
57104017900.0,5.443066992012717,30.346177999999995
57543993700.0,5.386992034896706,30.052824
57987359500.0,5.331618541430504,29.762580599999996
58434141300.0,5.276937580161337,29.475426199999998
58884365500.0,5.222940351702977,29.191338999999996
59338058600.0,5.169618183200804,28.910297
59795247300.0,5.11696237161253,28.632277200000004
60255958600.0,5.064964406546178,28.3572568
60720219600.0,5.013615738298402,28.085212
61188057600.0,4.962908000217406,27.816119199999996
61659500200.0,4.912832853015818,27.5499542
62134575200.0,4.863382018392231,27.286692400000003
62613310500.0,4.814547349907347,27.0263092
63095734400.0,4.7663207536205805,26.7687796
63581875400.0,4.718694184290796,26.514078199999997
64071761900.0,4.6716597163337745,26.2621796
64565422900.0,4.625209502476104,26.013058200000003
65062887500.0,4.579335807292679,25.7666884
65564184900.0,4.53403092907781,25.523044200000005
66069344800.0,4.489287233785365,25.2820994
66578396800.0,4.445097188783001,25.043827800000003
67091371000.0,4.401453433461838,24.8082036
67608297500.0,4.358348553611811,24.5752002
68129206900.0,4.315775263798247,24.3447912
68654129800.0,4.27372636715711,24.116950200000005
69183097100.0,4.2321948261097235,23.8916512
69716140000.0,4.1911735382430715,23.668867400000003
70253289900.0,4.150655554955187,23.448572399999996
70794578400.0,4.110634041641388,23.23074
71340037500.0,4.071102238233465,23.015343999999995
71889699200.0,4.0320533834195,22.8023578
72443596000.0,3.9934808956783776,22.5917554
73001760500.0,3.9553781875286314,22.383510399999995
73564225400.0,3.917738846361047,22.177597000000002
74131024100.0,3.8805564857321952,21.9739892
74702189900.0,3.8438247434669277,21.7726608
75277756400.0,3.807537462017856,21.5735864
75857757500.0,3.7716884674340623,21.376740199999997
76442227400.0,3.7362717133318517,21.1820968
77031200600.0,3.7012811697524297,20.9896306
77624711700.0,3.6667109668463773,20.7993166
78222795600.0,3.632555211331777,20.6111294
78825487700.0,3.5988081664658136,20.425044199999995
79432823500.0,3.5654641413797172,20.241036200000003
80044838600.0,3.532517561992079,20.059081
80661569200.0,3.49996284269465,19.879153900000002
81283051600.0,3.4677945297587947,19.701230699999996
81909322400.0,3.436007231040522,19.52528732
82540418500.0,3.404595629058803,19.351299880000003
83176377100.0,3.3735544688119323,19.179244640000004
83817235600.0,3.342878574522799,19.0090981
84463031900.0,3.3125628375392075,18.84083694
85113803800.0,3.282602218722031,18.674438040000002
85769589900.0,3.252991747264522,18.50987848
86430428600.0,3.2237265231485255,18.34713556
87096359000.0,3.1948017052548434,18.186186740000007
87767420300.0,3.1662125318708205,18.027009759999995
88443651900.0,3.1379542980907815,17.86958252
89125093800.0,3.110022369197767,17.71388316
89811786100.0,3.0824121725207982,17.559890020000005
90503769200.0,3.055119196516021,17.40758164
91201083900.0,3.0281390042038216,17.256936840000005
91903771300.0,3.0014672072211095,17.107934579999995
92611872800.0,2.9750994864877303,16.96055408000001
93325430100.0,2.9490315878062425,16.8147748
94044485200.0,2.9232593067806163,16.67057636
94769080500.0,2.897778509523513,16.52793866
95499258600.0,2.872585114054208,16.38684178
96235062600.0,2.8476751003217653,16.24726604
96976535900.0,2.823044505954257,16.109191980000002
97723722100.0,2.798689425606778,15.97260036
98476665200.0,2.77460601033198,15.83747216
99235409600.0,2.750790463410084,15.703788559999998
100000000000.0,2.727239046890986,15.571530979999999
