time_s,v_outp,v_outn,v_inp,v_inn,vod,vid
0.0,1.375437,1.32148903,1.37069,1.42069,0.05394797000000007,-0.050000000000000044
5e-15,1.375437,1.32148903,1.37069,1.42069,0.05394797000000007,-0.050000000000000044
1e-14,1.375437,1.32148903,1.37069,1.42069,0.05394797000000007,-0.050000000000000044
2e-14,1.375437,1.32148903,1.37069,1.42069,0.05394797000000007,-0.050000000000000044
4e-14,1.375437,1.32148903,1.37069,1.42069,0.05394797000000007,-0.050000000000000044
8e-14,1.375437,1.32148903,1.37069,1.42069,0.05394797000000007,-0.050000000000000044
1.6e-13,1.375437,1.32148903,1.37069,1.42069,0.05394797000000007,-0.050000000000000044
3.2e-13,1.375437,1.32148903,1.37069,1.42069,0.05394797000000007,-0.050000000000000044
6.4e-13,1.375437,1.32148903,1.37069,1.42069,0.05394797000000007,-0.050000000000000044
1.28e-12,1.375437,1.32148903,1.37069,1.42069,0.05394797000000007,-0.050000000000000044
2.28e-12,1.375437,1.32148903,1.37069,1.42069,0.05394797000000007,-0.050000000000000044
3.28e-12,1.375437,1.32148903,1.37069,1.42069,0.05394797000000007,-0.050000000000000044
4.28e-12,1.375437,1.32148903,1.37069,1.42069,0.05394797000000007,-0.050000000000000044
5.28e-12,1.375437,1.32148903,1.37069,1.42069,0.05394797000000007,-0.050000000000000044
6.28e-12,1.375437,1.32148903,1.37069,1.42069,0.05394797000000007,-0.050000000000000044
7.28e-12,1.375437,1.32148903,1.37069,1.42069,0.05394797000000007,-0.050000000000000044
8.28e-12,1.375437,1.32148903,1.37069,1.42069,0.05394797000000007,-0.050000000000000044
9.28e-12,1.375437,1.32148903,1.37069,1.42069,0.05394797000000007,-0.050000000000000044
1.028e-11,1.375437,1.32148903,1.37069,1.42069,0.05394797000000007,-0.050000000000000044
1.128e-11,1.375437,1.32148903,1.37069,1.42069,0.05394797000000007,-0.050000000000000044
1.228e-11,1.375437,1.32148903,1.37069,1.42069,0.05394797000000007,-0.050000000000000044
1.328e-11,1.375437,1.32148903,1.37069,1.42069,0.05394797000000007,-0.050000000000000044
1.428e-11,1.375437,1.32148903,1.37069,1.42069,0.05394797000000007,-0.050000000000000044
1.528e-11,1.375437,1.32148903,1.37069,1.42069,0.05394797000000007,-0.050000000000000044
1.628e-11,1.375437,1.32148903,1.37069,1.42069,0.05394797000000007,-0.050000000000000044
1.728e-11,1.375437,1.32148903,1.37069,1.42069,0.05394797000000007,-0.050000000000000044
1.828e-11,1.375437,1.32148903,1.37069,1.42069,0.05394797000000007,-0.050000000000000044
1.928e-11,1.375437,1.32148903,1.37069,1.42069,0.05394797000000007,-0.050000000000000044
2.028e-11,1.375437,1.32148903,1.37069,1.42069,0.05394797000000007,-0.050000000000000044
2.128e-11,1.375437,1.32148903,1.37069,1.42069,0.05394797000000007,-0.050000000000000044
2.228e-11,1.375437,1.32148903,1.37069,1.42069,0.05394797000000007,-0.050000000000000044
2.328e-11,1.375437,1.32148903,1.37069,1.42069,0.05394797000000007,-0.050000000000000044
2.428e-11,1.375437,1.32148903,1.37069,1.42069,0.05394797000000007,-0.050000000000000044
2.528e-11,1.375437,1.32148903,1.37069,1.42069,0.05394797000000007,-0.050000000000000044
2.628e-11,1.375437,1.32148903,1.37069,1.42069,0.05394797000000007,-0.050000000000000044
2.728e-11,1.375437,1.32148903,1.37069,1.42069,0.05394797000000007,-0.050000000000000044
2.828e-11,1.375437,1.32148903,1.37069,1.42069,0.05394797000000007,-0.050000000000000044
2.928e-11,1.375437,1.32148903,1.37069,1.42069,0.05394797000000007,-0.050000000000000044
3.028e-11,1.375437,1.32148903,1.37069,1.42069,0.05394797000000007,-0.050000000000000044
3.128e-11,1.375437,1.32148903,1.37069,1.42069,0.05394797000000007,-0.050000000000000044
3.228e-11,1.375437,1.32148903,1.37069,1.42069,0.05394797000000007,-0.050000000000000044
3.328e-11,1.375437,1.32148903,1.37069,1.42069,0.05394797000000007,-0.050000000000000044
3.428e-11,1.375437,1.32148903,1.37069,1.42069,0.05394797000000007,-0.050000000000000044
3.528e-11,1.375437,1.32148903,1.37069,1.42069,0.05394797000000007,-0.050000000000000044
3.628e-11,1.375437,1.32148903,1.37069,1.42069,0.05394797000000007,-0.050000000000000044
3.728e-11,1.375437,1.32148903,1.37069,1.42069,0.05394797000000007,-0.050000000000000044
3.828e-11,1.375437,1.32148903,1.37069,1.42069,0.05394797000000007,-0.050000000000000044
3.928e-11,1.375437,1.32148903,1.37069,1.42069,0.05394797000000007,-0.050000000000000044
4.028e-11,1.375437,1.32148903,1.37069,1.42069,0.05394797000000007,-0.050000000000000044
4.128e-11,1.375437,1.32148903,1.37069,1.42069,0.05394797000000007,-0.050000000000000044
4.228e-11,1.375437,1.32148903,1.37069,1.42069,0.05394797000000007,-0.050000000000000044
4.328e-11,1.375437,1.32148903,1.37069,1.42069,0.05394797000000007,-0.050000000000000044
4.428e-11,1.375437,1.32148903,1.37069,1.42069,0.05394797000000007,-0.050000000000000044
4.528e-11,1.375437,1.32148903,1.37069,1.42069,0.05394797000000007,-0.050000000000000044
4.628e-11,1.375437,1.32148903,1.37069,1.42069,0.05394797000000007,-0.050000000000000044
4.728e-11,1.375437,1.32148903,1.37069,1.42069,0.05394797000000007,-0.050000000000000044
4.828e-11,1.375437,1.32148903,1.37069,1.42069,0.05394797000000007,-0.050000000000000044
4.928e-11,1.375437,1.32148903,1.37069,1.42069,0.05394797000000007,-0.050000000000000044
5.028e-11,1.375437,1.32148903,1.37069,1.42069,0.05394797000000007,-0.050000000000000044
5.128e-11,1.375437,1.32148903,1.37069,1.42069,0.05394797000000007,-0.050000000000000044
5.228e-11,1.375437,1.32148903,1.37069,1.42069,0.05394797000000007,-0.050000000000000044
5.328e-11,1.375437,1.32148903,1.37069,1.42069,0.05394797000000007,-0.050000000000000044
5.428e-11,1.375437,1.32148903,1.37069,1.42069,0.05394797000000007,-0.050000000000000044
5.528e-11,1.375437,1.32148903,1.37069,1.42069,0.05394797000000007,-0.050000000000000044
5.628e-11,1.375437,1.32148903,1.37069,1.42069,0.05394797000000007,-0.050000000000000044
5.728e-11,1.375437,1.32148903,1.37069,1.42069,0.05394797000000007,-0.050000000000000044
5.828e-11,1.375437,1.32148903,1.37069,1.42069,0.05394797000000007,-0.050000000000000044
5.928e-11,1.375437,1.32148903,1.37069,1.42069,0.05394797000000007,-0.050000000000000044
6.028e-11,1.375437,1.32148903,1.37069,1.42069,0.05394797000000007,-0.050000000000000044
6.128e-11,1.375437,1.32148903,1.37069,1.42069,0.05394797000000007,-0.050000000000000044
6.228e-11,1.375437,1.32148903,1.37069,1.42069,0.05394797000000007,-0.050000000000000044
6.328e-11,1.375437,1.32148903,1.37069,1.42069,0.05394797000000007,-0.050000000000000044
6.428e-11,1.375437,1.32148903,1.37069,1.42069,0.05394797000000007,-0.050000000000000044
6.528e-11,1.375437,1.32148903,1.37069,1.42069,0.05394797000000007,-0.050000000000000044
6.628e-11,1.375437,1.32148903,1.37069,1.42069,0.05394797000000007,-0.050000000000000044
6.728e-11,1.375437,1.32148903,1.37069,1.42069,0.05394797000000007,-0.050000000000000044
6.828e-11,1.375437,1.32148903,1.37069,1.42069,0.05394797000000007,-0.050000000000000044
6.928e-11,1.375437,1.32148903,1.37069,1.42069,0.05394797000000007,-0.050000000000000044
7.028e-11,1.375437,1.32148903,1.37069,1.42069,0.05394797000000007,-0.050000000000000044
7.128e-11,1.375437,1.32148903,1.37069,1.42069,0.05394797000000007,-0.050000000000000044
7.228e-11,1.375437,1.32148903,1.37069,1.42069,0.05394797000000007,-0.050000000000000044
7.328e-11,1.375437,1.32148903,1.37069,1.42069,0.05394797000000007,-0.050000000000000044
7.428e-11,1.375437,1.32148903,1.37069,1.42069,0.05394797000000007,-0.050000000000000044
7.528e-11,1.375437,1.32148903,1.37069,1.42069,0.05394797000000007,-0.050000000000000044
7.628e-11,1.375437,1.32148903,1.37069,1.42069,0.05394797000000007,-0.050000000000000044
7.728e-11,1.375437,1.32148903,1.37069,1.42069,0.05394797000000007,-0.050000000000000044
7.828e-11,1.375437,1.32148903,1.37069,1.42069,0.05394797000000007,-0.050000000000000044
7.928e-11,1.375437,1.32148903,1.37069,1.42069,0.05394797000000007,-0.050000000000000044
8.028e-11,1.375437,1.32148903,1.37069,1.42069,0.05394797000000007,-0.050000000000000044
8.128e-11,1.375437,1.32148903,1.37069,1.42069,0.05394797000000007,-0.050000000000000044
8.228e-11,1.375437,1.32148903,1.37069,1.42069,0.05394797000000007,-0.050000000000000044
8.328e-11,1.375437,1.32148903,1.37069,1.42069,0.05394797000000007,-0.050000000000000044
8.428e-11,1.375437,1.32148903,1.37069,1.42069,0.05394797000000007,-0.050000000000000044
8.528e-11,1.375437,1.32148903,1.37069,1.42069,0.05394797000000007,-0.050000000000000044
8.628e-11,1.375437,1.32148903,1.37069,1.42069,0.05394797000000007,-0.050000000000000044
8.728e-11,1.375437,1.32148903,1.37069,1.42069,0.05394797000000007,-0.050000000000000044
8.828e-11,1.375437,1.32148903,1.37069,1.42069,0.05394797000000007,-0.050000000000000044
8.928e-11,1.375437,1.32148903,1.37069,1.42069,0.05394797000000007,-0.050000000000000044
9.028e-11,1.375437,1.32148903,1.37069,1.42069,0.05394797000000007,-0.050000000000000044
9.128e-11,1.375437,1.32148903,1.37069,1.42069,0.05394797000000007,-0.050000000000000044
9.228e-11,1.375437,1.32148903,1.37069,1.42069,0.05394797000000007,-0.050000000000000044
9.328e-11,1.375437,1.32148903,1.37069,1.42069,0.05394797000000007,-0.050000000000000044
9.428e-11,1.375437,1.32148903,1.37069,1.42069,0.05394797000000007,-0.050000000000000044
9.528e-11,1.375437,1.32148903,1.37069,1.42069,0.05394797000000007,-0.050000000000000044
9.628e-11,1.375437,1.32148903,1.37069,1.42069,0.05394797000000007,-0.050000000000000044
9.728e-11,1.375437,1.32148903,1.37069,1.42069,0.05394797000000007,-0.050000000000000044
9.828e-11,1.375437,1.32148903,1.37069,1.42069,0.05394797000000007,-0.050000000000000044
9.928e-11,1.375437,1.32148903,1.37069,1.42069,0.05394797000000007,-0.050000000000000044
1.0028e-10,1.375437,1.32148903,1.37069,1.42069,0.05394797000000007,-0.050000000000000044
1.0128e-10,1.375437,1.32148903,1.37069,1.42069,0.05394797000000007,-0.050000000000000044
1.0228e-10,1.375437,1.32148903,1.37069,1.42069,0.05394797000000007,-0.050000000000000044
1.0328e-10,1.375437,1.32148903,1.37069,1.42069,0.05394797000000007,-0.050000000000000044
1.0428e-10,1.375437,1.32148903,1.37069,1.42069,0.05394797000000007,-0.050000000000000044
1.0528e-10,1.375437,1.32148903,1.37069,1.42069,0.05394797000000007,-0.050000000000000044
1.0628e-10,1.375437,1.32148903,1.37069,1.42069,0.05394797000000007,-0.050000000000000044
1.0728e-10,1.375437,1.32148903,1.37069,1.42069,0.05394797000000007,-0.050000000000000044
1.0828e-10,1.375437,1.32148903,1.37069,1.42069,0.05394797000000007,-0.050000000000000044
1.0928e-10,1.375437,1.32148903,1.37069,1.42069,0.05394797000000007,-0.050000000000000044
1.1028e-10,1.375437,1.32148903,1.37069,1.42069,0.05394797000000007,-0.050000000000000044
1.1128e-10,1.375437,1.32148903,1.37069,1.42069,0.05394797000000007,-0.050000000000000044
1.1228e-10,1.375437,1.32148903,1.37069,1.42069,0.05394797000000007,-0.050000000000000044
1.1328e-10,1.375437,1.32148903,1.37069,1.42069,0.05394797000000007,-0.050000000000000044
1.1428e-10,1.375437,1.32148903,1.37069,1.42069,0.05394797000000007,-0.050000000000000044
1.1528e-10,1.375437,1.32148903,1.37069,1.42069,0.05394797000000007,-0.050000000000000044
1.1628e-10,1.375437,1.32148903,1.37069,1.42069,0.05394797000000007,-0.050000000000000044
1.1728e-10,1.375437,1.32148903,1.37069,1.42069,0.05394797000000007,-0.050000000000000044
1.1828e-10,1.375437,1.32148903,1.37069,1.42069,0.05394797000000007,-0.050000000000000044
1.1928e-10,1.375437,1.32148903,1.37069,1.42069,0.05394797000000007,-0.050000000000000044
1.2028e-10,1.375437,1.32148903,1.37069,1.42069,0.05394797000000007,-0.050000000000000044
1.2128e-10,1.375437,1.32148903,1.37069,1.42069,0.05394797000000007,-0.050000000000000044
1.2228e-10,1.375437,1.32148903,1.37069,1.42069,0.05394797000000007,-0.050000000000000044
1.2328e-10,1.375437,1.32148903,1.37069,1.42069,0.05394797000000007,-0.050000000000000044
1.2428e-10,1.375437,1.32148903,1.37069,1.42069,0.05394797000000007,-0.050000000000000044
1.2528e-10,1.375437,1.32148903,1.37069,1.42069,0.05394797000000007,-0.050000000000000044
1.2628e-10,1.375437,1.32148903,1.37069,1.42069,0.05394797000000007,-0.050000000000000044
1.2728e-10,1.375437,1.32148903,1.37069,1.42069,0.05394797000000007,-0.050000000000000044
1.2828e-10,1.375437,1.32148903,1.37069,1.42069,0.05394797000000007,-0.050000000000000044
1.2928e-10,1.375437,1.32148903,1.37069,1.42069,0.05394797000000007,-0.050000000000000044
1.3028e-10,1.375437,1.32148903,1.37069,1.42069,0.05394797000000007,-0.050000000000000044
1.3128e-10,1.375437,1.32148903,1.37069,1.42069,0.05394797000000007,-0.050000000000000044
1.3228e-10,1.375437,1.32148903,1.37069,1.42069,0.05394797000000007,-0.050000000000000044
1.3328e-10,1.375437,1.32148903,1.37069,1.42069,0.05394797000000007,-0.050000000000000044
1.3428e-10,1.375437,1.32148903,1.37069,1.42069,0.05394797000000007,-0.050000000000000044
1.3528e-10,1.375437,1.32148903,1.37069,1.42069,0.05394797000000007,-0.050000000000000044
1.3628e-10,1.375437,1.32148903,1.37069,1.42069,0.05394797000000007,-0.050000000000000044
1.3728e-10,1.375437,1.32148903,1.37069,1.42069,0.05394797000000007,-0.050000000000000044
1.3828e-10,1.375437,1.32148903,1.37069,1.42069,0.05394797000000007,-0.050000000000000044
1.3928e-10,1.375437,1.32148903,1.37069,1.42069,0.05394797000000007,-0.050000000000000044
1.4028e-10,1.375437,1.32148903,1.37069,1.42069,0.05394797000000007,-0.050000000000000044
1.4128e-10,1.375437,1.32148903,1.37069,1.42069,0.05394797000000007,-0.050000000000000044
1.4228e-10,1.375437,1.32148903,1.37069,1.42069,0.05394797000000007,-0.050000000000000044
1.4328e-10,1.375437,1.32148903,1.37069,1.42069,0.05394797000000007,-0.050000000000000044
1.4428e-10,1.375437,1.32148903,1.37069,1.42069,0.05394797000000007,-0.050000000000000044
1.4528e-10,1.375437,1.32148903,1.37069,1.42069,0.05394797000000007,-0.050000000000000044
1.4628e-10,1.375437,1.32148903,1.37069,1.42069,0.05394797000000007,-0.050000000000000044
1.4728e-10,1.375437,1.32148903,1.37069,1.42069,0.05394797000000007,-0.050000000000000044
1.4828e-10,1.375437,1.32148903,1.37069,1.42069,0.05394797000000007,-0.050000000000000044
1.4928e-10,1.375437,1.32148903,1.37069,1.42069,0.05394797000000007,-0.050000000000000044
1.5028e-10,1.375437,1.32148903,1.37069,1.42069,0.05394797000000007,-0.050000000000000044
1.5128e-10,1.375437,1.32148903,1.37069,1.42069,0.05394797000000007,-0.050000000000000044
1.5228e-10,1.375437,1.32148903,1.37069,1.42069,0.05394797000000007,-0.050000000000000044
1.5328e-10,1.375437,1.32148903,1.37069,1.42069,0.05394797000000007,-0.050000000000000044
1.5428e-10,1.375437,1.32148903,1.37069,1.42069,0.05394797000000007,-0.050000000000000044
1.5528e-10,1.375437,1.32148903,1.37069,1.42069,0.05394797000000007,-0.050000000000000044
1.5628e-10,1.375437,1.32148903,1.37069,1.42069,0.05394797000000007,-0.050000000000000044
1.5728e-10,1.375437,1.32148903,1.37069,1.42069,0.05394797000000007,-0.050000000000000044
1.5828e-10,1.375437,1.32148903,1.37069,1.42069,0.05394797000000007,-0.050000000000000044
1.5928e-10,1.375437,1.32148903,1.37069,1.42069,0.05394797000000007,-0.050000000000000044
1.6028e-10,1.375437,1.32148903,1.37069,1.42069,0.05394797000000007,-0.050000000000000044
1.6128e-10,1.375437,1.32148903,1.37069,1.42069,0.05394797000000007,-0.050000000000000044
1.6228e-10,1.375437,1.32148903,1.37069,1.42069,0.05394797000000007,-0.050000000000000044
1.6328e-10,1.375437,1.32148903,1.37069,1.42069,0.05394797000000007,-0.050000000000000044
1.6428e-10,1.375437,1.32148903,1.37069,1.42069,0.05394797000000007,-0.050000000000000044
1.6528e-10,1.375437,1.32148903,1.37069,1.42069,0.05394797000000007,-0.050000000000000044
1.6628e-10,1.375437,1.32148903,1.37069,1.42069,0.05394797000000007,-0.050000000000000044
1.6728e-10,1.375437,1.32148903,1.37069,1.42069,0.05394797000000007,-0.050000000000000044
1.6828e-10,1.375437,1.32148903,1.37069,1.42069,0.05394797000000007,-0.050000000000000044
1.6928e-10,1.375437,1.32148903,1.37069,1.42069,0.05394797000000007,-0.050000000000000044
1.7028e-10,1.375437,1.32148903,1.37069,1.42069,0.05394797000000007,-0.050000000000000044
1.7128e-10,1.375437,1.32148903,1.37069,1.42069,0.05394797000000007,-0.050000000000000044
1.7228e-10,1.375437,1.32148903,1.37069,1.42069,0.05394797000000007,-0.050000000000000044
1.7328e-10,1.375437,1.32148903,1.37069,1.42069,0.05394797000000007,-0.050000000000000044
1.7428e-10,1.375437,1.32148903,1.37069,1.42069,0.05394797000000007,-0.050000000000000044
1.7528e-10,1.375437,1.32148903,1.37069,1.42069,0.05394797000000007,-0.050000000000000044
1.7628e-10,1.375437,1.32148903,1.37069,1.42069,0.05394797000000007,-0.050000000000000044
1.7728e-10,1.375437,1.32148903,1.37069,1.42069,0.05394797000000007,-0.050000000000000044
1.7828e-10,1.375437,1.32148903,1.37069,1.42069,0.05394797000000007,-0.050000000000000044
1.7928e-10,1.375437,1.32148903,1.37069,1.42069,0.05394797000000007,-0.050000000000000044
1.8028e-10,1.375437,1.32148903,1.37069,1.42069,0.05394797000000007,-0.050000000000000044
1.8128e-10,1.375437,1.32148903,1.37069,1.42069,0.05394797000000007,-0.050000000000000044
1.8228e-10,1.375437,1.32148903,1.37069,1.42069,0.05394797000000007,-0.050000000000000044
1.8328e-10,1.375437,1.32148903,1.37069,1.42069,0.05394797000000007,-0.050000000000000044
1.8428e-10,1.375437,1.32148903,1.37069,1.42069,0.05394797000000007,-0.050000000000000044
1.8528e-10,1.375437,1.32148903,1.37069,1.42069,0.05394797000000007,-0.050000000000000044
1.8628e-10,1.375437,1.32148903,1.37069,1.42069,0.05394797000000007,-0.050000000000000044
1.8728e-10,1.375437,1.32148903,1.37069,1.42069,0.05394797000000007,-0.050000000000000044
1.8828e-10,1.375437,1.32148903,1.37069,1.42069,0.05394797000000007,-0.050000000000000044
1.8928e-10,1.375437,1.32148903,1.37069,1.42069,0.05394797000000007,-0.050000000000000044
1.9028e-10,1.375437,1.32148903,1.37069,1.42069,0.05394797000000007,-0.050000000000000044
1.9128e-10,1.375437,1.32148903,1.37069,1.42069,0.05394797000000007,-0.050000000000000044
1.9228e-10,1.375437,1.32148903,1.37069,1.42069,0.05394797000000007,-0.050000000000000044
1.9328e-10,1.375437,1.32148903,1.37069,1.42069,0.05394797000000007,-0.050000000000000044
1.9428e-10,1.375437,1.32148903,1.37069,1.42069,0.05394797000000007,-0.050000000000000044
1.9528e-10,1.375437,1.32148903,1.37069,1.42069,0.05394797000000007,-0.050000000000000044
1.9628e-10,1.375437,1.32148903,1.37069,1.42069,0.05394797000000007,-0.050000000000000044
1.9728e-10,1.375437,1.32148903,1.37069,1.42069,0.05394797000000007,-0.050000000000000044
1.9828e-10,1.375437,1.32148903,1.37069,1.42069,0.05394797000000007,-0.050000000000000044
1.9928e-10,1.375437,1.32148903,1.37069,1.42069,0.05394797000000007,-0.050000000000000044
2.0028e-10,1.375437,1.32148903,1.37069,1.42069,0.05394797000000007,-0.050000000000000044
2.0128e-10,1.375437,1.32148903,1.37069,1.42069,0.05394797000000007,-0.050000000000000044
2.0228e-10,1.375437,1.32148903,1.37069,1.42069,0.05394797000000007,-0.050000000000000044
2.0328e-10,1.375437,1.32148903,1.37069,1.42069,0.05394797000000007,-0.050000000000000044
2.0428e-10,1.375437,1.32148903,1.37069,1.42069,0.05394797000000007,-0.050000000000000044
2.0528e-10,1.375437,1.32148903,1.37069,1.42069,0.05394797000000007,-0.050000000000000044
2.0628e-10,1.375437,1.32148903,1.37069,1.42069,0.05394797000000007,-0.050000000000000044
2.0728e-10,1.375437,1.32148903,1.37069,1.42069,0.05394797000000007,-0.050000000000000044
2.0828e-10,1.375437,1.32148903,1.37069,1.42069,0.05394797000000007,-0.050000000000000044
2.0928e-10,1.375437,1.32148903,1.37069,1.42069,0.05394797000000007,-0.050000000000000044
2.1028e-10,1.375437,1.32148903,1.37069,1.42069,0.05394797000000007,-0.050000000000000044
2.1128e-10,1.375437,1.32148903,1.37069,1.42069,0.05394797000000007,-0.050000000000000044
2.1228e-10,1.375437,1.32148903,1.37069,1.42069,0.05394797000000007,-0.050000000000000044
2.1328e-10,1.375437,1.32148903,1.37069,1.42069,0.05394797000000007,-0.050000000000000044
2.1428e-10,1.375437,1.32148903,1.37069,1.42069,0.05394797000000007,-0.050000000000000044
2.1528e-10,1.375437,1.32148903,1.37069,1.42069,0.05394797000000007,-0.050000000000000044
2.1628e-10,1.375437,1.32148903,1.37069,1.42069,0.05394797000000007,-0.050000000000000044
2.1728e-10,1.375437,1.32148903,1.37069,1.42069,0.05394797000000007,-0.050000000000000044
2.1828e-10,1.375437,1.32148903,1.37069,1.42069,0.05394797000000007,-0.050000000000000044
2.1928e-10,1.375437,1.32148903,1.37069,1.42069,0.05394797000000007,-0.050000000000000044
2.2028e-10,1.375437,1.32148903,1.37069,1.42069,0.05394797000000007,-0.050000000000000044
2.2128e-10,1.375437,1.32148903,1.37069,1.42069,0.05394797000000007,-0.050000000000000044
2.2228e-10,1.375437,1.32148903,1.37069,1.42069,0.05394797000000007,-0.050000000000000044
2.2328e-10,1.375437,1.32148903,1.37069,1.42069,0.05394797000000007,-0.050000000000000044
2.2428e-10,1.375437,1.32148903,1.37069,1.42069,0.05394797000000007,-0.050000000000000044
2.2528e-10,1.375437,1.32148903,1.37069,1.42069,0.05394797000000007,-0.050000000000000044
2.2628e-10,1.375437,1.32148903,1.37069,1.42069,0.05394797000000007,-0.050000000000000044
2.2728e-10,1.375437,1.32148903,1.37069,1.42069,0.05394797000000007,-0.050000000000000044
2.2828e-10,1.375437,1.32148903,1.37069,1.42069,0.05394797000000007,-0.050000000000000044
2.2928e-10,1.375437,1.32148903,1.37069,1.42069,0.05394797000000007,-0.050000000000000044
2.3028e-10,1.375437,1.32148903,1.37069,1.42069,0.05394797000000007,-0.050000000000000044
2.3128e-10,1.375437,1.32148903,1.37069,1.42069,0.05394797000000007,-0.050000000000000044
2.3228e-10,1.375437,1.32148903,1.37069,1.42069,0.05394797000000007,-0.050000000000000044
2.3328e-10,1.375437,1.32148903,1.37069,1.42069,0.05394797000000007,-0.050000000000000044
2.3428e-10,1.375437,1.32148903,1.37069,1.42069,0.05394797000000007,-0.050000000000000044
2.3528e-10,1.375437,1.32148903,1.37069,1.42069,0.05394797000000007,-0.050000000000000044
2.3628e-10,1.375437,1.32148903,1.37069,1.42069,0.05394797000000007,-0.050000000000000044
2.3728e-10,1.375437,1.32148903,1.37069,1.42069,0.05394797000000007,-0.050000000000000044
2.3828e-10,1.375437,1.32148903,1.37069,1.42069,0.05394797000000007,-0.050000000000000044
2.3928e-10,1.375437,1.32148903,1.37069,1.42069,0.05394797000000007,-0.050000000000000044
2.4028e-10,1.375437,1.32148903,1.37069,1.42069,0.05394797000000007,-0.050000000000000044
2.4128e-10,1.375437,1.32148903,1.37069,1.42069,0.05394797000000007,-0.050000000000000044
2.4228e-10,1.375437,1.32148903,1.37069,1.42069,0.05394797000000007,-0.050000000000000044
2.4328e-10,1.375437,1.32148903,1.37069,1.42069,0.05394797000000007,-0.050000000000000044
2.4428e-10,1.375437,1.32148903,1.37069,1.42069,0.05394797000000007,-0.050000000000000044
2.4528e-10,1.375437,1.32148903,1.37069,1.42069,0.05394797000000007,-0.050000000000000044
2.4628e-10,1.375437,1.32148903,1.37069,1.42069,0.05394797000000007,-0.050000000000000044
2.4728e-10,1.375437,1.32148903,1.37069,1.42069,0.05394797000000007,-0.050000000000000044
2.4828e-10,1.375437,1.32148903,1.37069,1.42069,0.05394797000000007,-0.050000000000000044
2.4928e-10,1.375437,1.32148903,1.37069,1.42069,0.05394797000000007,-0.050000000000000044
2.5028e-10,1.375437,1.32148903,1.37069,1.42069,0.05394797000000007,-0.050000000000000044
2.5128e-10,1.375437,1.32148903,1.37069,1.42069,0.05394797000000007,-0.050000000000000044
2.5228e-10,1.375437,1.32148903,1.37069,1.42069,0.05394797000000007,-0.050000000000000044
2.5328e-10,1.375437,1.32148903,1.37069,1.42069,0.05394797000000007,-0.050000000000000044
2.5428e-10,1.375437,1.32148903,1.37069,1.42069,0.05394797000000007,-0.050000000000000044
2.5528e-10,1.375437,1.32148903,1.37069,1.42069,0.05394797000000007,-0.050000000000000044
2.5628e-10,1.375437,1.32148903,1.37069,1.42069,0.05394797000000007,-0.050000000000000044
2.5728e-10,1.375437,1.32148903,1.37069,1.42069,0.05394797000000007,-0.050000000000000044
2.5828e-10,1.375437,1.32148903,1.37069,1.42069,0.05394797000000007,-0.050000000000000044
2.5928e-10,1.375437,1.32148903,1.37069,1.42069,0.05394797000000007,-0.050000000000000044
2.6028e-10,1.375437,1.32148903,1.37069,1.42069,0.05394797000000007,-0.050000000000000044
2.6128e-10,1.375437,1.32148903,1.37069,1.42069,0.05394797000000007,-0.050000000000000044
2.6228e-10,1.375437,1.32148903,1.37069,1.42069,0.05394797000000007,-0.050000000000000044
2.6328e-10,1.375437,1.32148903,1.37069,1.42069,0.05394797000000007,-0.050000000000000044
2.6428e-10,1.375437,1.32148903,1.37069,1.42069,0.05394797000000007,-0.050000000000000044
2.6528e-10,1.375437,1.32148903,1.37069,1.42069,0.05394797000000007,-0.050000000000000044
2.6628e-10,1.375437,1.32148903,1.37069,1.42069,0.05394797000000007,-0.050000000000000044
2.6728e-10,1.375437,1.32148903,1.37069,1.42069,0.05394797000000007,-0.050000000000000044
2.6828e-10,1.375437,1.32148903,1.37069,1.42069,0.05394797000000007,-0.050000000000000044
2.6928e-10,1.375437,1.32148903,1.37069,1.42069,0.05394797000000007,-0.050000000000000044
2.7028e-10,1.375437,1.32148903,1.37069,1.42069,0.05394797000000007,-0.050000000000000044
2.7128e-10,1.375437,1.32148903,1.37069,1.42069,0.05394797000000007,-0.050000000000000044
2.7228e-10,1.375437,1.32148903,1.37069,1.42069,0.05394797000000007,-0.050000000000000044
2.7328e-10,1.375437,1.32148903,1.37069,1.42069,0.05394797000000007,-0.050000000000000044
2.7428e-10,1.375437,1.32148903,1.37069,1.42069,0.05394797000000007,-0.050000000000000044
2.7528e-10,1.375437,1.32148903,1.37069,1.42069,0.05394797000000007,-0.050000000000000044
2.7628e-10,1.375437,1.32148903,1.37069,1.42069,0.05394797000000007,-0.050000000000000044
2.7728e-10,1.375437,1.32148903,1.37069,1.42069,0.05394797000000007,-0.050000000000000044
2.7828e-10,1.375437,1.32148903,1.37069,1.42069,0.05394797000000007,-0.050000000000000044
2.7928e-10,1.375437,1.32148903,1.37069,1.42069,0.05394797000000007,-0.050000000000000044
2.8028e-10,1.375437,1.32148903,1.37069,1.42069,0.05394797000000007,-0.050000000000000044
2.8128e-10,1.375437,1.32148903,1.37069,1.42069,0.05394797000000007,-0.050000000000000044
2.8228e-10,1.375437,1.32148903,1.37069,1.42069,0.05394797000000007,-0.050000000000000044
2.8328e-10,1.375437,1.32148903,1.37069,1.42069,0.05394797000000007,-0.050000000000000044
2.8428e-10,1.375437,1.32148903,1.37069,1.42069,0.05394797000000007,-0.050000000000000044
2.8528e-10,1.375437,1.32148903,1.37069,1.42069,0.05394797000000007,-0.050000000000000044
2.8628e-10,1.375437,1.32148903,1.37069,1.42069,0.05394797000000007,-0.050000000000000044
2.8728e-10,1.375437,1.32148903,1.37069,1.42069,0.05394797000000007,-0.050000000000000044
2.8828e-10,1.375437,1.32148903,1.37069,1.42069,0.05394797000000007,-0.050000000000000044
2.8928e-10,1.375437,1.32148903,1.37069,1.42069,0.05394797000000007,-0.050000000000000044
2.9028e-10,1.375437,1.32148903,1.37069,1.42069,0.05394797000000007,-0.050000000000000044
2.9128e-10,1.375437,1.32148903,1.37069,1.42069,0.05394797000000007,-0.050000000000000044
2.9228e-10,1.375437,1.32148903,1.37069,1.42069,0.05394797000000007,-0.050000000000000044
2.9328e-10,1.375437,1.32148903,1.37069,1.42069,0.05394797000000007,-0.050000000000000044
2.9428e-10,1.375437,1.32148903,1.37069,1.42069,0.05394797000000007,-0.050000000000000044
2.9528e-10,1.375437,1.32148903,1.37069,1.42069,0.05394797000000007,-0.050000000000000044
2.9628e-10,1.375437,1.32148903,1.37069,1.42069,0.05394797000000007,-0.050000000000000044
2.9728e-10,1.375437,1.32148903,1.37069,1.42069,0.05394797000000007,-0.050000000000000044
2.9828e-10,1.375437,1.32148903,1.37069,1.42069,0.05394797000000007,-0.050000000000000044
2.9928e-10,1.375437,1.32148903,1.37069,1.42069,0.05394797000000007,-0.050000000000000044
3.0028e-10,1.375437,1.32148903,1.37069,1.42069,0.05394797000000007,-0.050000000000000044
3.0128e-10,1.375437,1.32148903,1.37069,1.42069,0.05394797000000007,-0.050000000000000044
3.0228e-10,1.375437,1.32148903,1.37069,1.42069,0.05394797000000007,-0.050000000000000044
3.0328e-10,1.375437,1.32148903,1.37069,1.42069,0.05394797000000007,-0.050000000000000044
3.0428e-10,1.375437,1.32148903,1.37069,1.42069,0.05394797000000007,-0.050000000000000044
3.0528e-10,1.375437,1.32148903,1.37069,1.42069,0.05394797000000007,-0.050000000000000044
3.0628e-10,1.375437,1.32148903,1.37069,1.42069,0.05394797000000007,-0.050000000000000044
3.0728e-10,1.375437,1.32148903,1.37069,1.42069,0.05394797000000007,-0.050000000000000044
3.0828e-10,1.375437,1.32148903,1.37069,1.42069,0.05394797000000007,-0.050000000000000044
3.0928e-10,1.375437,1.32148903,1.37069,1.42069,0.05394797000000007,-0.050000000000000044
3.1028e-10,1.375437,1.32148903,1.37069,1.42069,0.05394797000000007,-0.050000000000000044
3.1128e-10,1.375437,1.32148903,1.37069,1.42069,0.05394797000000007,-0.050000000000000044
3.1228e-10,1.375437,1.32148903,1.37069,1.42069,0.05394797000000007,-0.050000000000000044
3.1328e-10,1.375437,1.32148903,1.37069,1.42069,0.05394797000000007,-0.050000000000000044
3.1428e-10,1.375437,1.32148903,1.37069,1.42069,0.05394797000000007,-0.050000000000000044
3.1528e-10,1.375437,1.32148903,1.37069,1.42069,0.05394797000000007,-0.050000000000000044
3.1628e-10,1.375437,1.32148903,1.37069,1.42069,0.05394797000000007,-0.050000000000000044
3.1728e-10,1.375437,1.32148903,1.37069,1.42069,0.05394797000000007,-0.050000000000000044
3.1828e-10,1.375437,1.32148903,1.37069,1.42069,0.05394797000000007,-0.050000000000000044
3.1928e-10,1.375437,1.32148903,1.37069,1.42069,0.05394797000000007,-0.050000000000000044
3.2028e-10,1.375437,1.32148903,1.37069,1.42069,0.05394797000000007,-0.050000000000000044
3.2128e-10,1.375437,1.32148903,1.37069,1.42069,0.05394797000000007,-0.050000000000000044
3.2228e-10,1.375437,1.32148903,1.37069,1.42069,0.05394797000000007,-0.050000000000000044
3.2328e-10,1.375437,1.32148903,1.37069,1.42069,0.05394797000000007,-0.050000000000000044
3.2428e-10,1.375437,1.32148903,1.37069,1.42069,0.05394797000000007,-0.050000000000000044
3.2528e-10,1.375437,1.32148903,1.37069,1.42069,0.05394797000000007,-0.050000000000000044
3.2628e-10,1.375437,1.32148903,1.37069,1.42069,0.05394797000000007,-0.050000000000000044
3.2728e-10,1.375437,1.32148903,1.37069,1.42069,0.05394797000000007,-0.050000000000000044
3.2828e-10,1.375437,1.32148903,1.37069,1.42069,0.05394797000000007,-0.050000000000000044
3.2928e-10,1.375437,1.32148903,1.37069,1.42069,0.05394797000000007,-0.050000000000000044
3.3028e-10,1.375437,1.32148903,1.37069,1.42069,0.05394797000000007,-0.050000000000000044
3.3128e-10,1.375437,1.32148903,1.37069,1.42069,0.05394797000000007,-0.050000000000000044
3.3228e-10,1.375437,1.32148903,1.37069,1.42069,0.05394797000000007,-0.050000000000000044
3.3328e-10,1.375437,1.32148903,1.37069,1.42069,0.05394797000000007,-0.050000000000000044
3.3428e-10,1.375437,1.32148903,1.37069,1.42069,0.05394797000000007,-0.050000000000000044
3.3528e-10,1.375437,1.32148903,1.37069,1.42069,0.05394797000000007,-0.050000000000000044
3.3628e-10,1.375437,1.32148903,1.37069,1.42069,0.05394797000000007,-0.050000000000000044
3.3728e-10,1.375437,1.32148903,1.37069,1.42069,0.05394797000000007,-0.050000000000000044
3.3828e-10,1.375437,1.32148903,1.37069,1.42069,0.05394797000000007,-0.050000000000000044
3.3928e-10,1.375437,1.32148903,1.37069,1.42069,0.05394797000000007,-0.050000000000000044
3.4028e-10,1.375437,1.32148903,1.37069,1.42069,0.05394797000000007,-0.050000000000000044
3.4128e-10,1.375437,1.32148903,1.37069,1.42069,0.05394797000000007,-0.050000000000000044
3.4228e-10,1.375437,1.32148903,1.37069,1.42069,0.05394797000000007,-0.050000000000000044
3.4328e-10,1.375437,1.32148903,1.37069,1.42069,0.05394797000000007,-0.050000000000000044
3.4428e-10,1.375437,1.32148903,1.37069,1.42069,0.05394797000000007,-0.050000000000000044
3.4528e-10,1.375437,1.32148903,1.37069,1.42069,0.05394797000000007,-0.050000000000000044
3.4628e-10,1.375437,1.32148903,1.37069,1.42069,0.05394797000000007,-0.050000000000000044
3.4728e-10,1.375437,1.32148903,1.37069,1.42069,0.05394797000000007,-0.050000000000000044
3.4828e-10,1.375437,1.32148903,1.37069,1.42069,0.05394797000000007,-0.050000000000000044
3.4928e-10,1.375437,1.32148903,1.37069,1.42069,0.05394797000000007,-0.050000000000000044
3.5028e-10,1.375437,1.32148903,1.37069,1.42069,0.05394797000000007,-0.050000000000000044
3.5128e-10,1.375437,1.32148903,1.37069,1.42069,0.05394797000000007,-0.050000000000000044
3.5228e-10,1.375437,1.32148903,1.37069,1.42069,0.05394797000000007,-0.050000000000000044
3.5328e-10,1.375437,1.32148903,1.37069,1.42069,0.05394797000000007,-0.050000000000000044
3.5428e-10,1.375437,1.32148903,1.37069,1.42069,0.05394797000000007,-0.050000000000000044
3.5528e-10,1.375437,1.32148903,1.37069,1.42069,0.05394797000000007,-0.050000000000000044
3.5628e-10,1.375437,1.32148903,1.37069,1.42069,0.05394797000000007,-0.050000000000000044
3.5728e-10,1.375437,1.32148903,1.37069,1.42069,0.05394797000000007,-0.050000000000000044
3.5828e-10,1.375437,1.32148903,1.37069,1.42069,0.05394797000000007,-0.050000000000000044
3.5928e-10,1.375437,1.32148903,1.37069,1.42069,0.05394797000000007,-0.050000000000000044
3.6028e-10,1.375437,1.32148903,1.37069,1.42069,0.05394797000000007,-0.050000000000000044
3.6128e-10,1.375437,1.32148903,1.37069,1.42069,0.05394797000000007,-0.050000000000000044
3.6228e-10,1.375437,1.32148903,1.37069,1.42069,0.05394797000000007,-0.050000000000000044
3.6328e-10,1.375437,1.32148903,1.37069,1.42069,0.05394797000000007,-0.050000000000000044
3.6428e-10,1.375437,1.32148903,1.37069,1.42069,0.05394797000000007,-0.050000000000000044
3.6528e-10,1.375437,1.32148903,1.37069,1.42069,0.05394797000000007,-0.050000000000000044
3.6628e-10,1.375437,1.32148903,1.37069,1.42069,0.05394797000000007,-0.050000000000000044
3.6728e-10,1.375437,1.32148903,1.37069,1.42069,0.05394797000000007,-0.050000000000000044
3.6828e-10,1.375437,1.32148903,1.37069,1.42069,0.05394797000000007,-0.050000000000000044
3.6928e-10,1.375437,1.32148903,1.37069,1.42069,0.05394797000000007,-0.050000000000000044
3.7028e-10,1.375437,1.32148903,1.37069,1.42069,0.05394797000000007,-0.050000000000000044
3.7128e-10,1.375437,1.32148903,1.37069,1.42069,0.05394797000000007,-0.050000000000000044
3.7228e-10,1.375437,1.32148903,1.37069,1.42069,0.05394797000000007,-0.050000000000000044
3.7328e-10,1.375437,1.32148903,1.37069,1.42069,0.05394797000000007,-0.050000000000000044
3.7428e-10,1.375437,1.32148903,1.37069,1.42069,0.05394797000000007,-0.050000000000000044
3.7528e-10,1.375437,1.32148903,1.37069,1.42069,0.05394797000000007,-0.050000000000000044
3.7628e-10,1.375437,1.32148903,1.37069,1.42069,0.05394797000000007,-0.050000000000000044
3.7728e-10,1.375437,1.32148903,1.37069,1.42069,0.05394797000000007,-0.050000000000000044
3.7828e-10,1.375437,1.32148903,1.37069,1.42069,0.05394797000000007,-0.050000000000000044
3.7928e-10,1.375437,1.32148903,1.37069,1.42069,0.05394797000000007,-0.050000000000000044
3.8028e-10,1.375437,1.32148903,1.37069,1.42069,0.05394797000000007,-0.050000000000000044
3.8128e-10,1.375437,1.32148903,1.37069,1.42069,0.05394797000000007,-0.050000000000000044
3.8228e-10,1.375437,1.32148903,1.37069,1.42069,0.05394797000000007,-0.050000000000000044
3.8328e-10,1.375437,1.32148903,1.37069,1.42069,0.05394797000000007,-0.050000000000000044
3.8428e-10,1.375437,1.32148903,1.37069,1.42069,0.05394797000000007,-0.050000000000000044
3.8528e-10,1.375437,1.32148903,1.37069,1.42069,0.05394797000000007,-0.050000000000000044
3.8628e-10,1.375437,1.32148903,1.37069,1.42069,0.05394797000000007,-0.050000000000000044
3.8728e-10,1.375437,1.32148903,1.37069,1.42069,0.05394797000000007,-0.050000000000000044
3.8828e-10,1.375437,1.32148903,1.37069,1.42069,0.05394797000000007,-0.050000000000000044
3.8928e-10,1.375437,1.32148903,1.37069,1.42069,0.05394797000000007,-0.050000000000000044
3.9028e-10,1.375437,1.32148903,1.37069,1.42069,0.05394797000000007,-0.050000000000000044
3.9128e-10,1.375437,1.32148903,1.37069,1.42069,0.05394797000000007,-0.050000000000000044
3.9228e-10,1.375437,1.32148903,1.37069,1.42069,0.05394797000000007,-0.050000000000000044
3.9328e-10,1.375437,1.32148903,1.37069,1.42069,0.05394797000000007,-0.050000000000000044
3.9428e-10,1.375437,1.32148903,1.37069,1.42069,0.05394797000000007,-0.050000000000000044
3.9528e-10,1.375437,1.32148903,1.37069,1.42069,0.05394797000000007,-0.050000000000000044
3.9628e-10,1.375437,1.32148903,1.37069,1.42069,0.05394797000000007,-0.050000000000000044
3.9728e-10,1.375437,1.32148903,1.37069,1.42069,0.05394797000000007,-0.050000000000000044
3.9828e-10,1.375437,1.32148903,1.37069,1.42069,0.05394797000000007,-0.050000000000000044
3.9928e-10,1.375437,1.32148903,1.37069,1.42069,0.05394797000000007,-0.050000000000000044
4.0028e-10,1.375437,1.32148903,1.37069,1.42069,0.05394797000000007,-0.050000000000000044
4.0128e-10,1.375437,1.32148903,1.37069,1.42069,0.05394797000000007,-0.050000000000000044
4.0228e-10,1.375437,1.32148903,1.37069,1.42069,0.05394797000000007,-0.050000000000000044
4.0328e-10,1.375437,1.32148903,1.37069,1.42069,0.05394797000000007,-0.050000000000000044
4.0428e-10,1.375437,1.32148903,1.37069,1.42069,0.05394797000000007,-0.050000000000000044
4.0528e-10,1.375437,1.32148903,1.37069,1.42069,0.05394797000000007,-0.050000000000000044
4.0628e-10,1.375437,1.32148903,1.37069,1.42069,0.05394797000000007,-0.050000000000000044
4.0728e-10,1.375437,1.32148903,1.37069,1.42069,0.05394797000000007,-0.050000000000000044
4.0828e-10,1.375437,1.32148903,1.37069,1.42069,0.05394797000000007,-0.050000000000000044
4.0928e-10,1.375437,1.32148903,1.37069,1.42069,0.05394797000000007,-0.050000000000000044
4.1028e-10,1.375437,1.32148903,1.37069,1.42069,0.05394797000000007,-0.050000000000000044
4.1128e-10,1.375437,1.32148903,1.37069,1.42069,0.05394797000000007,-0.050000000000000044
4.1228e-10,1.375437,1.32148903,1.37069,1.42069,0.05394797000000007,-0.050000000000000044
4.1328e-10,1.375437,1.32148903,1.37069,1.42069,0.05394797000000007,-0.050000000000000044
4.1428e-10,1.375437,1.32148903,1.37069,1.42069,0.05394797000000007,-0.050000000000000044
4.1528e-10,1.375437,1.32148903,1.37069,1.42069,0.05394797000000007,-0.050000000000000044
4.1628e-10,1.375437,1.32148903,1.37069,1.42069,0.05394797000000007,-0.050000000000000044
4.1728e-10,1.375437,1.32148903,1.37069,1.42069,0.05394797000000007,-0.050000000000000044
4.1828e-10,1.375437,1.32148903,1.37069,1.42069,0.05394797000000007,-0.050000000000000044
4.1928e-10,1.375437,1.32148903,1.37069,1.42069,0.05394797000000007,-0.050000000000000044
4.2028e-10,1.375437,1.32148903,1.37069,1.42069,0.05394797000000007,-0.050000000000000044
4.2128e-10,1.375437,1.32148903,1.37069,1.42069,0.05394797000000007,-0.050000000000000044
4.2228e-10,1.375437,1.32148903,1.37069,1.42069,0.05394797000000007,-0.050000000000000044
4.2328e-10,1.375437,1.32148903,1.37069,1.42069,0.05394797000000007,-0.050000000000000044
4.2428e-10,1.375437,1.32148903,1.37069,1.42069,0.05394797000000007,-0.050000000000000044
4.2528e-10,1.375437,1.32148903,1.37069,1.42069,0.05394797000000007,-0.050000000000000044
4.2628e-10,1.375437,1.32148903,1.37069,1.42069,0.05394797000000007,-0.050000000000000044
4.2728e-10,1.375437,1.32148903,1.37069,1.42069,0.05394797000000007,-0.050000000000000044
4.2828e-10,1.375437,1.32148903,1.37069,1.42069,0.05394797000000007,-0.050000000000000044
4.2928e-10,1.375437,1.32148903,1.37069,1.42069,0.05394797000000007,-0.050000000000000044
4.3028e-10,1.375437,1.32148903,1.37069,1.42069,0.05394797000000007,-0.050000000000000044
4.3128e-10,1.375437,1.32148903,1.37069,1.42069,0.05394797000000007,-0.050000000000000044
4.3228e-10,1.375437,1.32148903,1.37069,1.42069,0.05394797000000007,-0.050000000000000044
4.3328e-10,1.375437,1.32148903,1.37069,1.42069,0.05394797000000007,-0.050000000000000044
4.3428e-10,1.375437,1.32148903,1.37069,1.42069,0.05394797000000007,-0.050000000000000044
4.3528e-10,1.375437,1.32148903,1.37069,1.42069,0.05394797000000007,-0.050000000000000044
4.3628e-10,1.375437,1.32148903,1.37069,1.42069,0.05394797000000007,-0.050000000000000044
4.3728e-10,1.375437,1.32148903,1.37069,1.42069,0.05394797000000007,-0.050000000000000044
4.3828e-10,1.375437,1.32148903,1.37069,1.42069,0.05394797000000007,-0.050000000000000044
4.3928e-10,1.375437,1.32148903,1.37069,1.42069,0.05394797000000007,-0.050000000000000044
4.4028e-10,1.375437,1.32148903,1.37069,1.42069,0.05394797000000007,-0.050000000000000044
4.4128e-10,1.375437,1.32148903,1.37069,1.42069,0.05394797000000007,-0.050000000000000044
4.4228e-10,1.375437,1.32148903,1.37069,1.42069,0.05394797000000007,-0.050000000000000044
4.4328e-10,1.375437,1.32148903,1.37069,1.42069,0.05394797000000007,-0.050000000000000044
4.4428e-10,1.375437,1.32148903,1.37069,1.42069,0.05394797000000007,-0.050000000000000044
4.4528e-10,1.375437,1.32148903,1.37069,1.42069,0.05394797000000007,-0.050000000000000044
4.4628e-10,1.375437,1.32148903,1.37069,1.42069,0.05394797000000007,-0.050000000000000044
4.4728e-10,1.375437,1.32148903,1.37069,1.42069,0.05394797000000007,-0.050000000000000044
4.4828e-10,1.375437,1.32148903,1.37069,1.42069,0.05394797000000007,-0.050000000000000044
4.4928e-10,1.375437,1.32148903,1.37069,1.42069,0.05394797000000007,-0.050000000000000044
4.5028e-10,1.375437,1.32148903,1.37069,1.42069,0.05394797000000007,-0.050000000000000044
4.5128e-10,1.375437,1.32148903,1.37069,1.42069,0.05394797000000007,-0.050000000000000044
4.5228e-10,1.375437,1.32148903,1.37069,1.42069,0.05394797000000007,-0.050000000000000044
4.5328e-10,1.375437,1.32148903,1.37069,1.42069,0.05394797000000007,-0.050000000000000044
4.5428e-10,1.375437,1.32148903,1.37069,1.42069,0.05394797000000007,-0.050000000000000044
4.5528e-10,1.375437,1.32148903,1.37069,1.42069,0.05394797000000007,-0.050000000000000044
4.5628e-10,1.375437,1.32148903,1.37069,1.42069,0.05394797000000007,-0.050000000000000044
4.5728e-10,1.375437,1.32148903,1.37069,1.42069,0.05394797000000007,-0.050000000000000044
4.5828e-10,1.375437,1.32148903,1.37069,1.42069,0.05394797000000007,-0.050000000000000044
4.5928e-10,1.375437,1.32148903,1.37069,1.42069,0.05394797000000007,-0.050000000000000044
4.6028e-10,1.375437,1.32148903,1.37069,1.42069,0.05394797000000007,-0.050000000000000044
4.6128e-10,1.375437,1.32148903,1.37069,1.42069,0.05394797000000007,-0.050000000000000044
4.6228e-10,1.375437,1.32148903,1.37069,1.42069,0.05394797000000007,-0.050000000000000044
4.6328e-10,1.375437,1.32148903,1.37069,1.42069,0.05394797000000007,-0.050000000000000044
4.6428e-10,1.375437,1.32148903,1.37069,1.42069,0.05394797000000007,-0.050000000000000044
4.6528e-10,1.375437,1.32148903,1.37069,1.42069,0.05394797000000007,-0.050000000000000044
4.6628e-10,1.375437,1.32148903,1.37069,1.42069,0.05394797000000007,-0.050000000000000044
4.6728e-10,1.375437,1.32148903,1.37069,1.42069,0.05394797000000007,-0.050000000000000044
4.6828e-10,1.375437,1.32148903,1.37069,1.42069,0.05394797000000007,-0.050000000000000044
4.6928e-10,1.375437,1.32148903,1.37069,1.42069,0.05394797000000007,-0.050000000000000044
4.7028e-10,1.375437,1.32148903,1.37069,1.42069,0.05394797000000007,-0.050000000000000044
4.7128e-10,1.375437,1.32148903,1.37069,1.42069,0.05394797000000007,-0.050000000000000044
4.7228e-10,1.375437,1.32148903,1.37069,1.42069,0.05394797000000007,-0.050000000000000044
4.7328e-10,1.375437,1.32148903,1.37069,1.42069,0.05394797000000007,-0.050000000000000044
4.7428e-10,1.375437,1.32148903,1.37069,1.42069,0.05394797000000007,-0.050000000000000044
4.7528e-10,1.375437,1.32148903,1.37069,1.42069,0.05394797000000007,-0.050000000000000044
4.7628e-10,1.375437,1.32148903,1.37069,1.42069,0.05394797000000007,-0.050000000000000044
4.7728e-10,1.375437,1.32148903,1.37069,1.42069,0.05394797000000007,-0.050000000000000044
4.7828e-10,1.375437,1.32148903,1.37069,1.42069,0.05394797000000007,-0.050000000000000044
4.7928e-10,1.375437,1.32148903,1.37069,1.42069,0.05394797000000007,-0.050000000000000044
4.8028e-10,1.375437,1.32148903,1.37069,1.42069,0.05394797000000007,-0.050000000000000044
4.8128e-10,1.375437,1.32148903,1.37069,1.42069,0.05394797000000007,-0.050000000000000044
4.8228e-10,1.375437,1.32148903,1.37069,1.42069,0.05394797000000007,-0.050000000000000044
4.8328e-10,1.375437,1.32148903,1.37069,1.42069,0.05394797000000007,-0.050000000000000044
4.8428e-10,1.375437,1.32148903,1.37069,1.42069,0.05394797000000007,-0.050000000000000044
4.8528e-10,1.375437,1.32148903,1.37069,1.42069,0.05394797000000007,-0.050000000000000044
4.8628e-10,1.375437,1.32148903,1.37069,1.42069,0.05394797000000007,-0.050000000000000044
4.8728e-10,1.375437,1.32148903,1.37069,1.42069,0.05394797000000007,-0.050000000000000044
4.8828e-10,1.375437,1.32148903,1.37069,1.42069,0.05394797000000007,-0.050000000000000044
4.8928e-10,1.375437,1.32148903,1.37069,1.42069,0.05394797000000007,-0.050000000000000044
4.9028e-10,1.375437,1.32148903,1.37069,1.42069,0.05394797000000007,-0.050000000000000044
4.9128e-10,1.375437,1.32148903,1.37069,1.42069,0.05394797000000007,-0.050000000000000044
4.9228e-10,1.375437,1.32148903,1.37069,1.42069,0.05394797000000007,-0.050000000000000044
4.9328e-10,1.375437,1.32148903,1.37069,1.42069,0.05394797000000007,-0.050000000000000044
4.9428e-10,1.375437,1.32148903,1.37069,1.42069,0.05394797000000007,-0.050000000000000044
4.9528e-10,1.375437,1.32148903,1.37069,1.42069,0.05394797000000007,-0.050000000000000044
4.9628e-10,1.375437,1.32148903,1.37069,1.42069,0.05394797000000007,-0.050000000000000044
4.9728e-10,1.375437,1.32148903,1.37069,1.42069,0.05394797000000007,-0.050000000000000044
4.9828e-10,1.375437,1.32148903,1.37069,1.42069,0.05394797000000007,-0.050000000000000044
4.9928e-10,1.375437,1.32148903,1.37069,1.42069,0.05394797000000007,-0.050000000000000044
5.0028e-10,1.375437,1.32148903,1.37069,1.42069,0.05394797000000007,-0.050000000000000044
5.0128e-10,1.375437,1.32148903,1.37069,1.42069,0.05394797000000007,-0.050000000000000044
5.0228e-10,1.375437,1.32148903,1.37069,1.42069,0.05394797000000007,-0.050000000000000044
5.0328e-10,1.375437,1.32148903,1.37069,1.42069,0.05394797000000007,-0.050000000000000044
5.0428e-10,1.375437,1.32148903,1.37069,1.42069,0.05394797000000007,-0.050000000000000044
5.0528e-10,1.375437,1.32148903,1.37069,1.42069,0.05394797000000007,-0.050000000000000044
5.0628e-10,1.375437,1.32148903,1.37069,1.42069,0.05394797000000007,-0.050000000000000044
5.0728e-10,1.375437,1.32148903,1.37069,1.42069,0.05394797000000007,-0.050000000000000044
5.0828e-10,1.375437,1.32148903,1.37069,1.42069,0.05394797000000007,-0.050000000000000044
5.0928e-10,1.375437,1.32148903,1.37069,1.42069,0.05394797000000007,-0.050000000000000044
5.1028e-10,1.375437,1.32148903,1.37069,1.42069,0.05394797000000007,-0.050000000000000044
5.1128e-10,1.375437,1.32148903,1.37069,1.42069,0.05394797000000007,-0.050000000000000044
5.1228e-10,1.375437,1.32148903,1.37069,1.42069,0.05394797000000007,-0.050000000000000044
5.1328e-10,1.375437,1.32148903,1.37069,1.42069,0.05394797000000007,-0.050000000000000044
5.1428e-10,1.375437,1.32148903,1.37069,1.42069,0.05394797000000007,-0.050000000000000044
5.1528e-10,1.375437,1.32148903,1.37069,1.42069,0.05394797000000007,-0.050000000000000044
5.1628e-10,1.375437,1.32148903,1.37069,1.42069,0.05394797000000007,-0.050000000000000044
5.1728e-10,1.375437,1.32148903,1.37069,1.42069,0.05394797000000007,-0.050000000000000044
5.1828e-10,1.375437,1.32148903,1.37069,1.42069,0.05394797000000007,-0.050000000000000044
5.1928e-10,1.375437,1.32148903,1.37069,1.42069,0.05394797000000007,-0.050000000000000044
5.2028e-10,1.375437,1.32148903,1.37069,1.42069,0.05394797000000007,-0.050000000000000044
5.2128e-10,1.375437,1.32148903,1.37069,1.42069,0.05394797000000007,-0.050000000000000044
5.2228e-10,1.375437,1.32148903,1.37069,1.42069,0.05394797000000007,-0.050000000000000044
5.2328e-10,1.375437,1.32148903,1.37069,1.42069,0.05394797000000007,-0.050000000000000044
5.2428e-10,1.375437,1.32148903,1.37069,1.42069,0.05394797000000007,-0.050000000000000044
5.2528e-10,1.375437,1.32148903,1.37069,1.42069,0.05394797000000007,-0.050000000000000044
5.2628e-10,1.375437,1.32148903,1.37069,1.42069,0.05394797000000007,-0.050000000000000044
5.2728e-10,1.375437,1.32148903,1.37069,1.42069,0.05394797000000007,-0.050000000000000044
5.2828e-10,1.375437,1.32148903,1.37069,1.42069,0.05394797000000007,-0.050000000000000044
5.2928e-10,1.375437,1.32148903,1.37069,1.42069,0.05394797000000007,-0.050000000000000044
5.3028e-10,1.375437,1.32148903,1.37069,1.42069,0.05394797000000007,-0.050000000000000044
5.3128e-10,1.375437,1.32148903,1.37069,1.42069,0.05394797000000007,-0.050000000000000044
5.3228e-10,1.375437,1.32148903,1.37069,1.42069,0.05394797000000007,-0.050000000000000044
5.3328e-10,1.375437,1.32148903,1.37069,1.42069,0.05394797000000007,-0.050000000000000044
5.3428e-10,1.375437,1.32148903,1.37069,1.42069,0.05394797000000007,-0.050000000000000044
5.3528e-10,1.375437,1.32148903,1.37069,1.42069,0.05394797000000007,-0.050000000000000044
5.3628e-10,1.375437,1.32148903,1.37069,1.42069,0.05394797000000007,-0.050000000000000044
5.3728e-10,1.375437,1.32148903,1.37069,1.42069,0.05394797000000007,-0.050000000000000044
5.3828e-10,1.375437,1.32148903,1.37069,1.42069,0.05394797000000007,-0.050000000000000044
5.3928e-10,1.375437,1.32148903,1.37069,1.42069,0.05394797000000007,-0.050000000000000044
5.4028e-10,1.375437,1.32148903,1.37069,1.42069,0.05394797000000007,-0.050000000000000044
5.4128e-10,1.375437,1.32148903,1.37069,1.42069,0.05394797000000007,-0.050000000000000044
5.4228e-10,1.375437,1.32148903,1.37069,1.42069,0.05394797000000007,-0.050000000000000044
5.4328e-10,1.375437,1.32148903,1.37069,1.42069,0.05394797000000007,-0.050000000000000044
5.4428e-10,1.375437,1.32148903,1.37069,1.42069,0.05394797000000007,-0.050000000000000044
5.4528e-10,1.375437,1.32148903,1.37069,1.42069,0.05394797000000007,-0.050000000000000044
5.4628e-10,1.375437,1.32148903,1.37069,1.42069,0.05394797000000007,-0.050000000000000044
5.4728e-10,1.375437,1.32148903,1.37069,1.42069,0.05394797000000007,-0.050000000000000044
5.4828e-10,1.375437,1.32148903,1.37069,1.42069,0.05394797000000007,-0.050000000000000044
5.4928e-10,1.375437,1.32148903,1.37069,1.42069,0.05394797000000007,-0.050000000000000044
5.5028e-10,1.375437,1.32148903,1.37069,1.42069,0.05394797000000007,-0.050000000000000044
5.5128e-10,1.375437,1.32148903,1.37069,1.42069,0.05394797000000007,-0.050000000000000044
5.5228e-10,1.375437,1.32148903,1.37069,1.42069,0.05394797000000007,-0.050000000000000044
5.5328e-10,1.375437,1.32148903,1.37069,1.42069,0.05394797000000007,-0.050000000000000044
5.5428e-10,1.375437,1.32148903,1.37069,1.42069,0.05394797000000007,-0.050000000000000044
5.5528e-10,1.375437,1.32148903,1.37069,1.42069,0.05394797000000007,-0.050000000000000044
5.5628e-10,1.375437,1.32148903,1.37069,1.42069,0.05394797000000007,-0.050000000000000044
5.5728e-10,1.375437,1.32148903,1.37069,1.42069,0.05394797000000007,-0.050000000000000044
5.5828e-10,1.375437,1.32148903,1.37069,1.42069,0.05394797000000007,-0.050000000000000044
5.5928e-10,1.375437,1.32148903,1.37069,1.42069,0.05394797000000007,-0.050000000000000044
5.6028e-10,1.375437,1.32148903,1.37069,1.42069,0.05394797000000007,-0.050000000000000044
5.6128e-10,1.375437,1.32148903,1.37069,1.42069,0.05394797000000007,-0.050000000000000044
5.6228e-10,1.375437,1.32148903,1.37069,1.42069,0.05394797000000007,-0.050000000000000044
5.6328e-10,1.375437,1.32148903,1.37069,1.42069,0.05394797000000007,-0.050000000000000044
5.6428e-10,1.375437,1.32148903,1.37069,1.42069,0.05394797000000007,-0.050000000000000044
5.6528e-10,1.375437,1.32148903,1.37069,1.42069,0.05394797000000007,-0.050000000000000044
5.6628e-10,1.375437,1.32148903,1.37069,1.42069,0.05394797000000007,-0.050000000000000044
5.6728e-10,1.375437,1.32148903,1.37069,1.42069,0.05394797000000007,-0.050000000000000044
5.6828e-10,1.375437,1.32148903,1.37069,1.42069,0.05394797000000007,-0.050000000000000044
5.6928e-10,1.375437,1.32148903,1.37069,1.42069,0.05394797000000007,-0.050000000000000044
5.7028e-10,1.375437,1.32148903,1.37069,1.42069,0.05394797000000007,-0.050000000000000044
5.7128e-10,1.375437,1.32148903,1.37069,1.42069,0.05394797000000007,-0.050000000000000044
5.714286e-10,1.375437,1.32148903,1.37069,1.42069,0.05394797000000007,-0.050000000000000044
5.715286e-10,1.37545967,1.32146606,1.37180111,1.41957889,0.0539936099999998,-0.04777777999999988
5.717286e-10,1.37549917,1.32142505,1.37402333,1.41735667,0.054074120000000114,-0.04333334
5.721286e-10,1.37539335,1.32152319,1.37846778,1.41291222,0.05387016,-0.03444443999999991
5.729286e-10,1.3735239,1.32338012,1.38735667,1.40402333,0.05014377999999997,-0.016666660000000055
5.739286e-10,1.367167,1.32974809,1.39846778,1.39291222,0.03741890999999997,0.005555560000000126
5.749286e-10,1.35642212,1.34048366,1.40957889,1.38180111,0.015938459999999877,0.027777779999999863
5.759286e-10,1.34229614,1.35445216,1.42069,1.37069,-0.012156019999999934,0.050000000000000044
5.760286e-10,1.34070347,1.35601448,1.42069,1.37069,-0.015311010000000014,0.050000000000000044
5.762286e-10,1.33748652,1.35916436,1.42069,1.37069,-0.02167784000000017,0.050000000000000044
5.766286e-10,1.33103963,1.36544294,1.42069,1.37069,-0.034403310000000076,0.050000000000000044
5.774286e-10,1.31925667,1.3768209,1.42069,1.37069,-0.057564230000000105,0.050000000000000044
5.784286e-10,1.30801023,1.38760533,1.42069,1.37069,-0.07959509999999992,0.050000000000000044
5.794286e-10,1.30101013,1.39434408,1.42069,1.37069,-0.09333394999999989,0.050000000000000044
5.804286e-10,1.29750436,1.39781989,1.42069,1.37069,-0.10031553000000004,0.050000000000000044
5.814286e-10,1.29637305,1.39909912,1.42069,1.37069,-0.10272607000000011,0.050000000000000044
5.824286e-10,1.29665422,1.39907024,1.42069,1.37069,-0.10241601999999994,0.050000000000000044
5.834286e-10,1.29771446,1.39830455,1.42069,1.37069,-0.10059009000000008,0.050000000000000044
5.844286e-10,1.29919162,1.39712495,1.42069,1.37069,-0.09793333000000004,0.050000000000000044
5.854286e-10,1.30087816,1.39571708,1.42069,1.37069,-0.09483892000000016,0.050000000000000044
5.864286e-10,1.30264333,1.39420045,1.42069,1.37069,-0.09155712000000005,0.050000000000000044
5.874286e-10,1.30439978,1.39265705,1.42069,1.37069,-0.08825726999999994,0.050000000000000044
5.884286e-10,1.30609201,1.39114083,1.42069,1.37069,-0.08504882000000014,0.050000000000000044
5.892857e-10,1.30746721,1.3898878,1.42069,1.37069,-0.0824205899999999,0.050000000000000044
5.893857e-10,1.30759896,1.38976808,1.41957889,1.37180111,-0.0821691200000001,0.04777777999999988
5.895857e-10,1.30786507,1.38952456,1.41735667,1.37402333,-0.08165948999999983,0.04333334
5.899857e-10,1.30856418,1.38886523,1.41291222,1.37846778,-0.08030104999999987,0.03444443999999991
5.907857e-10,1.31157921,1.38594974,1.40402333,1.38735667,-0.07437052999999993,0.016666660000000055
5.917857e-10,1.31932735,1.37840484,1.39291222,1.39846778,-0.059077489999999955,-0.005555560000000126
5.927857e-10,1.33136326,1.36658093,1.38180111,1.40957889,-0.03521766999999998,-0.027777779999999863
5.937857e-10,1.34653128,1.35144714,1.37069,1.42069,-0.004915860000000105,-0.050000000000000044
5.938857e-10,1.34820701,1.34975712,1.37069,1.42069,-0.001550109999999938,-0.050000000000000044
5.940857e-10,1.35158135,1.3463466,1.37069,1.42069,0.005234750000000066,-0.050000000000000044
5.944857e-10,1.35829291,1.33951805,1.37069,1.42069,0.01877486000000017,-0.050000000000000044
5.952857e-10,1.37046446,1.32698519,1.37069,1.42069,0.04347926999999996,-0.050000000000000044
5.962857e-10,1.38210076,1.31481733,1.37069,1.42069,0.06728343000000003,-0.050000000000000044
5.972857e-10,1.38955772,1.30692513,1.37069,1.42069,0.08263259,-0.050000000000000044
5.982857e-10,1.39365577,1.30257783,1.37069,1.42069,0.09107794000000013,-0.050000000000000044
5.992857e-10,1.39548396,1.30066239,1.37069,1.42069,0.09482156999999991,-0.050000000000000044
6.002857e-10,1.39594765,1.30022107,1.37069,1.42069,0.09572658,-0.050000000000000044
6.012857e-10,1.39563114,1.30062319,1.37069,1.42069,0.09500795000000006,-0.050000000000000044
6.022857e-10,1.39486434,1.30150501,1.37069,1.42069,0.09335932999999996,-0.050000000000000044
6.032857e-10,1.3938385,1.30265645,1.37069,1.42069,0.09118205000000001,-0.050000000000000044
6.042857e-10,1.39267668,1.30394262,1.37069,1.42069,0.08873405999999995,-0.050000000000000044
6.052857e-10,1.39146363,1.30527152,1.37069,1.42069,0.08619211000000004,-0.050000000000000044
6.062857e-10,1.39025512,1.3065827,1.37069,1.42069,0.08367241999999986,-0.050000000000000044
6.072857e-10,1.38908521,1.30784001,1.37069,1.42069,0.0812451999999999,-0.050000000000000044
6.082857e-10,1.38797271,1.30902425,1.37069,1.42069,0.07894846000000011,-0.050000000000000044
6.092857e-10,1.38692716,1.31012671,1.37069,1.42069,0.07680044999999991,-0.050000000000000044
6.102857e-10,1.38595242,1.31114497,1.37069,1.42069,0.07480745,-0.050000000000000044
6.112857e-10,1.38504901,1.31208016,1.37069,1.42069,0.07296884999999986,-0.050000000000000044
6.122857e-10,1.38421527,1.3129357,1.37069,1.42069,0.07127957000000018,-0.050000000000000044
6.132857e-10,1.38344827,1.31371618,1.37069,1.42069,0.06973209000000002,-0.050000000000000044
6.142857e-10,1.38274427,1.31442688,1.37069,1.42069,0.06831739000000003,-0.050000000000000044
6.152857e-10,1.38209925,1.3150732,1.37069,1.42069,0.06702604999999995,-0.050000000000000044
6.162857e-10,1.38150903,1.31566052,1.37069,1.42069,0.06584850999999992,-0.050000000000000044
6.172857e-10,1.38096953,1.31619392,1.37069,1.42069,0.0647756100000001,-0.050000000000000044
6.182857e-10,1.38047677,1.31667823,1.37069,1.42069,0.06379854000000007,-0.050000000000000044
6.192857e-10,1.38002702,1.3171179,1.37069,1.42069,0.06290912000000004,-0.050000000000000044
6.202857e-10,1.3796167,1.31751703,1.37069,1.42069,0.06209966999999983,-0.050000000000000044
6.212857e-10,1.37924254,1.31787937,1.37069,1.42069,0.06136316999999991,-0.050000000000000044
6.222857e-10,1.37890146,1.31820835,1.37069,1.42069,0.060693110000000106,-0.050000000000000044
6.232857e-10,1.37859063,1.31850707,1.37069,1.42069,0.060083560000000036,-0.050000000000000044
6.242857e-10,1.37830742,1.31877835,1.37069,1.42069,0.05952906999999996,-0.050000000000000044
6.252857e-10,1.37804946,1.31902474,1.37069,1.42069,0.05902472000000003,-0.050000000000000044
6.262857e-10,1.37781451,1.31924858,1.37069,1.42069,0.0585659300000001,-0.050000000000000044
6.272857e-10,1.37760057,1.31945193,1.37069,1.42069,0.058148639999999974,-0.050000000000000044
6.282857e-10,1.37740577,1.31963672,1.37069,1.42069,0.05776904999999988,-0.050000000000000044
6.292857e-10,1.37722843,1.31980464,1.37069,1.42069,0.057423789999999864,-0.050000000000000044
6.302857e-10,1.377067,1.31995728,1.37069,1.42069,0.05710972000000014,-0.050000000000000044
6.312857e-10,1.37692006,1.32009601,1.37069,1.42069,0.056824049999999904,-0.050000000000000044
6.322857e-10,1.37678632,1.32022215,1.37069,1.42069,0.056564169999999914,-0.050000000000000044
6.332857e-10,1.37666461,1.32033682,1.37069,1.42069,0.05632778999999988,-0.050000000000000044
6.342857e-10,1.37655385,1.3204411,1.37069,1.42069,0.056112750000000045,-0.050000000000000044
6.352857e-10,1.37645306,1.32053592,1.37069,1.42069,0.05591714000000003,-0.050000000000000044
6.362857e-10,1.37636134,1.32062215,1.37069,1.42069,0.05573919000000016,-0.050000000000000044
6.372857e-10,1.37627788,1.32070058,1.37069,1.42069,0.05557729999999994,-0.050000000000000044
6.382857e-10,1.37620194,1.32077192,1.37069,1.42069,0.05543001999999997,-0.050000000000000044
6.392857e-10,1.37613286,1.3208368,1.37069,1.42069,0.05529606000000009,-0.050000000000000044
6.402857e-10,1.37606999,1.32089583,1.37069,1.42069,0.05517415999999997,-0.050000000000000044
6.412857e-10,1.3760128,1.32094953,1.37069,1.42069,0.05506327,-0.050000000000000044
6.422857e-10,1.37596077,1.32099839,1.37069,1.42069,0.05496238000000009,-0.050000000000000044
6.432857e-10,1.37591343,1.32104283,1.37069,1.42069,0.0548706000000001,-0.050000000000000044
6.442857e-10,1.37587036,1.32108327,1.37069,1.42069,0.05478709000000004,-0.050000000000000044
6.452857e-10,1.37583118,1.32112007,1.37069,1.42069,0.05471110999999995,-0.050000000000000044
6.462857e-10,1.37579554,1.32115355,1.37069,1.42069,0.05464198999999992,-0.050000000000000044
6.472857e-10,1.37576311,1.32118402,1.37069,1.42069,0.05457909000000005,-0.050000000000000044
6.482857e-10,1.37573361,1.32121174,1.37069,1.42069,0.05452186999999986,-0.050000000000000044
6.492857e-10,1.37570678,1.32123697,1.37069,1.42069,0.05446981000000006,-0.050000000000000044
6.502857e-10,1.37568236,1.32125994,1.37069,1.42069,0.05442242000000008,-0.050000000000000044
6.512857e-10,1.37566015,1.32128084,1.37069,1.42069,0.05437931000000007,-0.050000000000000044
6.522857e-10,1.37563995,1.32129986,1.37069,1.42069,0.05434008999999995,-0.050000000000000044
6.532857e-10,1.37562157,1.32131717,1.37069,1.42069,0.05430440000000014,-0.050000000000000044
6.542857e-10,1.37560485,1.32133293,1.37069,1.42069,0.05427191999999992,-0.050000000000000044
6.552857e-10,1.37558964,1.32134728,1.37069,1.42069,0.054242360000000156,-0.050000000000000044
6.562857e-10,1.3755758,1.32136034,1.37069,1.42069,0.05421545999999999,-0.050000000000000044
6.572857e-10,1.37556321,1.32137223,1.37069,1.42069,0.05419098,-0.050000000000000044
6.582857e-10,1.37555176,1.32138305,1.37069,1.42069,0.05416871000000012,-0.050000000000000044
6.592857e-10,1.37554135,1.3213929,1.37069,1.42069,0.054148450000000015,-0.050000000000000044
6.602857e-10,1.37553187,1.32140188,1.37069,1.42069,0.05412999000000007,-0.050000000000000044
6.612857e-10,1.37552325,1.32141005,1.37069,1.42069,0.054113200000000194,-0.050000000000000044
6.622857e-10,1.37551541,1.32141749,1.37069,1.42069,0.05409792000000002,-0.050000000000000044
6.632857e-10,1.37550828,1.32142427,1.37069,1.42069,0.05408400999999996,-0.050000000000000044
6.642857e-10,1.37550179,1.32143044,1.37069,1.42069,0.05407134999999985,-0.050000000000000044
6.652857e-10,1.37549588,1.32143606,1.37069,1.42069,0.05405981999999998,-0.050000000000000044
6.662857e-10,1.37549051,1.32144118,1.37069,1.42069,0.05404933000000001,-0.050000000000000044
6.672857e-10,1.37548563,1.32144585,1.37069,1.42069,0.05403978000000009,-0.050000000000000044
6.682857e-10,1.37548118,1.3214501,1.37069,1.42069,0.0540310799999999,-0.050000000000000044
6.692857e-10,1.37547714,1.32145397,1.37069,1.42069,0.05402317000000001,-0.050000000000000044
6.702857e-10,1.37547346,1.3214575,1.37069,1.42069,0.054015960000000085,-0.050000000000000044
6.712857e-10,1.37547012,1.32146072,1.37069,1.42069,0.054009399999999985,-0.050000000000000044
6.722857e-10,1.37546707,1.32146365,1.37069,1.42069,0.05400341999999991,-0.050000000000000044
6.732857e-10,1.37546431,1.32146632,1.37069,1.42069,0.05399798999999983,-0.050000000000000044
6.742857e-10,1.37546179,1.32146876,1.37069,1.42069,0.05399303,-0.050000000000000044
6.752857e-10,1.3754595,1.32147098,1.37069,1.42069,0.053988520000000095,-0.050000000000000044
6.762857e-10,1.37545741,1.32147301,1.37069,1.42069,0.05398440000000004,-0.050000000000000044
6.772857e-10,1.37545551,1.32147486,1.37069,1.42069,0.053980650000000185,-0.050000000000000044
6.782857e-10,1.37545379,1.32147654,1.37069,1.42069,0.05397724999999998,-0.050000000000000044
6.792857e-10,1.37545222,1.32147808,1.37069,1.42069,0.05397413999999978,-0.050000000000000044
6.802857e-10,1.37545079,1.32147949,1.37069,1.42069,0.053971299999999944,-0.050000000000000044
6.812857e-10,1.37544949,1.32148077,1.37069,1.42069,0.05396872000000008,-0.050000000000000044
6.822857e-10,1.37544831,1.32148194,1.37069,1.42069,0.05396636999999993,-0.050000000000000044
6.832857e-10,1.37544723,1.32148301,1.37069,1.42069,0.05396422000000012,-0.050000000000000044
6.842857e-10,1.37544626,1.32148399,1.37069,1.42069,0.05396226999999998,-0.050000000000000044
6.852857e-10,1.37544537,1.32148488,1.37069,1.42069,0.05396048999999992,-0.050000000000000044
6.862857e-10,1.37544455,1.3214857,1.37069,1.42069,0.053958850000000114,-0.050000000000000044
6.872857e-10,1.37544382,1.32148645,1.37069,1.42069,0.053957370000000004,-0.050000000000000044
6.882857e-10,1.37544315,1.32148713,1.37069,1.42069,0.05395601999999999,-0.050000000000000044
6.892857e-10,1.37544254,1.32148776,1.37069,1.42069,0.0539547800000002,-0.050000000000000044
6.902857e-10,1.37544198,1.32148833,1.37069,1.42069,0.053953649999999964,-0.050000000000000044
6.912857e-10,1.37544147,1.32148885,1.37069,1.42069,0.05395262000000001,-0.050000000000000044
6.922857e-10,1.37544101,1.32148933,1.37069,1.42069,0.05395168000000017,-0.050000000000000044
6.932857e-10,1.37544059,1.32148977,1.37069,1.42069,0.053950820000000066,-0.050000000000000044
6.942857e-10,1.37544021,1.32149018,1.37069,1.42069,0.05395002999999998,-0.050000000000000044
6.952857e-10,1.37543986,1.32149055,1.37069,1.42069,0.05394930999999992,-0.050000000000000044
6.962857e-10,1.37543955,1.32149089,1.37069,1.42069,0.05394866000000009,-0.050000000000000044
6.972857e-10,1.37543926,1.3214912,1.37069,1.42069,0.053948059999999964,-0.050000000000000044
6.982857e-10,1.375439,1.32149149,1.37069,1.42069,0.053947509999999976,-0.050000000000000044
6.992857e-10,1.37543876,1.32149175,1.37069,1.42069,0.053947009999999906,-0.050000000000000044
7.002857e-10,1.37543854,1.321492,1.37069,1.42069,0.053946539999999876,-0.050000000000000044
7.012857e-10,1.37543834,1.32149222,1.37069,1.42069,0.053946119999999986,-0.050000000000000044
7.022857e-10,1.37543816,1.32149243,1.37069,1.42069,0.053945730000000136,-0.050000000000000044
7.032857e-10,1.37543799,1.32149262,1.37069,1.42069,0.053945370000000104,-0.050000000000000044
7.042857e-10,1.37543784,1.32149279,1.37069,1.42069,0.05394505000000005,-0.050000000000000044
7.052857e-10,1.3754377,1.32149295,1.37069,1.42069,0.053944749999999875,-0.050000000000000044
7.062857e-10,1.37543758,1.3214931,1.37069,1.42069,0.05394447999999996,-0.050000000000000044
7.072857e-10,1.37543746,1.32149324,1.37069,1.42069,0.05394421999999999,-0.050000000000000044
7.082857e-10,1.37543736,1.32149337,1.37069,1.42069,0.05394399000000005,-0.050000000000000044
7.092857e-10,1.37543726,1.32149349,1.37069,1.42069,0.05394377000000006,-0.050000000000000044
7.102857e-10,1.37543717,1.3214936,1.37069,1.42069,0.05394357000000016,-0.050000000000000044
7.112857e-10,1.37543709,1.3214937,1.37069,1.42069,0.053943389999999924,-0.050000000000000044
7.122857e-10,1.37543702,1.32149379,1.37069,1.42069,0.05394323000000001,-0.050000000000000044
7.132857e-10,1.37543695,1.32149388,1.37069,1.42069,0.05394307000000009,-0.050000000000000044
7.142857e-10,1.37543689,1.32149396,1.37069,1.42069,0.053942930000000056,-0.050000000000000044
7.152857e-10,1.37543683,1.32149404,1.37069,1.42069,0.05394279000000002,-0.050000000000000044
7.162857e-10,1.37543678,1.32149411,1.37069,1.42069,0.05394267000000008,-0.050000000000000044
7.172857e-10,1.37543673,1.32149418,1.37069,1.42069,0.053942550000000145,-0.050000000000000044
7.182857e-10,1.37543669,1.32149424,1.37069,1.42069,0.053942449999999864,-0.050000000000000044
7.192857e-10,1.37543664,1.3214943,1.37069,1.42069,0.05394234000000009,-0.050000000000000044
7.202857e-10,1.37543661,1.32149435,1.37069,1.42069,0.05394225999999991,-0.050000000000000044
7.212857e-10,1.37543657,1.3214944,1.37069,1.42069,0.05394217000000001,-0.050000000000000044
7.222857e-10,1.37543654,1.32149445,1.37069,1.42069,0.05394208999999983,-0.050000000000000044
7.232857e-10,1.37543651,1.32149449,1.37069,1.42069,0.05394201999999981,-0.050000000000000044
7.242857e-10,1.37543648,1.32149454,1.37069,1.42069,0.05394194000000008,-0.050000000000000044
7.252857e-10,1.37543645,1.32149458,1.37069,1.42069,0.05394187000000006,-0.050000000000000044
7.262857e-10,1.37543643,1.32149461,1.37069,1.42069,0.05394181999999992,-0.050000000000000044
7.272857e-10,1.37543641,1.32149465,1.37069,1.42069,0.05394176000000006,-0.050000000000000044
7.282857e-10,1.37543638,1.32149468,1.37069,1.42069,0.05394169999999998,-0.050000000000000044
7.292857e-10,1.37543636,1.32149471,1.37069,1.42069,0.05394164999999984,-0.050000000000000044
7.302857e-10,1.37543634,1.32149474,1.37069,1.42069,0.053941600000000145,-0.050000000000000044
7.312857e-10,1.37543633,1.32149477,1.37069,1.42069,0.053941560000000166,-0.050000000000000044
7.322857e-10,1.37543631,1.3214948,1.37069,1.42069,0.053941510000000026,-0.050000000000000044
7.332857e-10,1.37543629,1.32149482,1.37069,1.42069,0.053941469999999825,-0.050000000000000044
7.342857e-10,1.37543628,1.32149484,1.37069,1.42069,0.05394144000000001,-0.050000000000000044
7.352857e-10,1.37543626,1.32149487,1.37069,1.42069,0.05394139000000009,-0.050000000000000044
7.362857e-10,1.37543625,1.32149489,1.37069,1.42069,0.05394135999999983,-0.050000000000000044
7.372857e-10,1.37543623,1.32149491,1.37069,1.42069,0.05394132000000007,-0.050000000000000044
7.382857e-10,1.37543622,1.32149493,1.37069,1.42069,0.05394129000000003,-0.050000000000000044
7.392857e-10,1.37543621,1.32149494,1.37069,1.42069,0.05394126999999993,-0.050000000000000044
7.402857e-10,1.3754362,1.32149496,1.37069,1.42069,0.05394123999999989,-0.050000000000000044
7.412857e-10,1.37543618,1.32149498,1.37069,1.42069,0.05394119999999991,-0.050000000000000044
7.422857e-10,1.37543617,1.32149499,1.37069,1.42069,0.05394118000000003,-0.050000000000000044
7.432857e-10,1.37543616,1.32149501,1.37069,1.42069,0.05394114999999999,-0.050000000000000044
7.442857e-10,1.37543615,1.32149502,1.37069,1.42069,0.053941130000000115,-0.050000000000000044
7.452857e-10,1.37543614,1.32149503,1.37069,1.42069,0.053941110000000014,-0.050000000000000044
7.462857e-10,1.37543613,1.32149504,1.37069,1.42069,0.053941089999999914,-0.050000000000000044
7.472857e-10,1.37543612,1.32149506,1.37069,1.42069,0.053941060000000096,-0.050000000000000044
7.482857e-10,1.37543611,1.32149507,1.37069,1.42069,0.053941039999999996,-0.050000000000000044
7.492857e-10,1.3754361,1.32149508,1.37069,1.42069,0.053941019999999895,-0.050000000000000044
7.502857e-10,1.37543609,1.32149509,1.37069,1.42069,0.05394100000000002,-0.050000000000000044
7.512857e-10,1.37543608,1.3214951,1.37069,1.42069,0.05394098000000014,-0.050000000000000044
7.522857e-10,1.37543607,1.32149511,1.37069,1.42069,0.053940959999999816,-0.050000000000000044
7.532857e-10,1.37543606,1.32149512,1.37069,1.42069,0.05394093999999994,-0.050000000000000044
7.542857e-10,1.37543605,1.32149512,1.37069,1.42069,0.05394093,-0.050000000000000044
7.552857e-10,1.37543604,1.32149513,1.37069,1.42069,0.05394091000000012,-0.050000000000000044
7.562857e-10,1.37543603,1.32149514,1.37069,1.42069,0.05394089000000002,-0.050000000000000044
7.572857e-10,1.37543602,1.32149515,1.37069,1.42069,0.05394086999999992,-0.050000000000000044
7.582857e-10,1.37543601,1.32149515,1.37069,1.42069,0.05394085999999998,-0.050000000000000044
7.592857e-10,1.375436,1.32149516,1.37069,1.42069,0.0539408400000001,-0.050000000000000044
7.602857e-10,1.37543599,1.32149516,1.37069,1.42069,0.05394082999999994,-0.050000000000000044
7.612857e-10,1.37543599,1.32149517,1.37069,1.42069,0.05394082,-0.050000000000000044
7.622857e-10,1.37543598,1.32149517,1.37069,1.42069,0.05394081000000006,-0.050000000000000044
7.632857e-10,1.37543597,1.32149518,1.37069,1.42069,0.05394078999999996,-0.050000000000000044
7.642857e-10,1.37543596,1.32149518,1.37069,1.42069,0.0539407799999998,-0.050000000000000044
7.652857e-10,1.37543595,1.32149519,1.37069,1.42069,0.05394075999999992,-0.050000000000000044
7.662857e-10,1.37543594,1.32149519,1.37069,1.42069,0.05394074999999998,-0.050000000000000044
7.672857e-10,1.37543593,1.32149519,1.37069,1.42069,0.05394074000000004,-0.050000000000000044
7.682857e-10,1.37543592,1.3214952,1.37069,1.42069,0.05394071999999994,-0.050000000000000044
7.692857e-10,1.37543591,1.3214952,1.37069,1.42069,0.05394071,-0.050000000000000044
7.702857e-10,1.37543591,1.3214952,1.37069,1.42069,0.05394071,-0.050000000000000044
7.712857e-10,1.3754359,1.3214952,1.37069,1.42069,0.053940700000000064,-0.050000000000000044
7.722857e-10,1.37543589,1.3214952,1.37069,1.42069,0.053940690000000124,-0.050000000000000044
7.732857e-10,1.37543588,1.32149521,1.37069,1.42069,0.053940670000000024,-0.050000000000000044
7.742857e-10,1.37543587,1.32149521,1.37069,1.42069,0.053940660000000085,-0.050000000000000044
7.752857e-10,1.37543586,1.32149521,1.37069,1.42069,0.053940650000000145,-0.050000000000000044
7.762857e-10,1.37543585,1.32149521,1.37069,1.42069,0.053940639999999984,-0.050000000000000044
7.772857e-10,1.37543584,1.32149521,1.37069,1.42069,0.053940630000000045,-0.050000000000000044
7.782857e-10,1.37543584,1.32149521,1.37069,1.42069,0.053940630000000045,-0.050000000000000044
7.792857e-10,1.37543583,1.32149521,1.37069,1.42069,0.053940620000000106,-0.050000000000000044
7.802857e-10,1.37543582,1.32149521,1.37069,1.42069,0.053940610000000166,-0.050000000000000044
7.812857e-10,1.37543581,1.32149521,1.37069,1.42069,0.053940600000000005,-0.050000000000000044
7.822857e-10,1.3754358,1.32149521,1.37069,1.42069,0.053940590000000066,-0.050000000000000044
7.832857e-10,1.37543579,1.32149521,1.37069,1.42069,0.05394058000000013,-0.050000000000000044
7.842857e-10,1.37543578,1.32149521,1.37069,1.42069,0.05394057000000019,-0.050000000000000044
7.852857e-10,1.37543577,1.32149521,1.37069,1.42069,0.053940560000000026,-0.050000000000000044
7.862857e-10,1.37543577,1.32149521,1.37069,1.42069,0.053940560000000026,-0.050000000000000044
7.872857e-10,1.37543576,1.32149521,1.37069,1.42069,0.05394055000000009,-0.050000000000000044
7.882857e-10,1.37543575,1.32149521,1.37069,1.42069,0.05394054000000015,-0.050000000000000044
7.892857e-10,1.37543574,1.3214952,1.37069,1.42069,0.053940539999999926,-0.050000000000000044
7.902857e-10,1.37543573,1.3214952,1.37069,1.42069,0.05394052999999999,-0.050000000000000044
7.912857e-10,1.37543572,1.3214952,1.37069,1.42069,0.05394052000000005,-0.050000000000000044
7.922857e-10,1.37543571,1.3214952,1.37069,1.42069,0.05394051000000011,-0.050000000000000044
7.932857e-10,1.3754357,1.3214952,1.37069,1.42069,0.05394049999999995,-0.050000000000000044
7.942857e-10,1.3754357,1.32149519,1.37069,1.42069,0.053940509999999886,-0.050000000000000044
7.952857e-10,1.37543569,1.32149519,1.37069,1.42069,0.05394049999999995,-0.050000000000000044
7.962857e-10,1.37543568,1.32149519,1.37069,1.42069,0.05394049000000001,-0.050000000000000044
7.972857e-10,1.37543567,1.32149519,1.37069,1.42069,0.05394048000000007,-0.050000000000000044
7.982857e-10,1.37543566,1.32149518,1.37069,1.42069,0.053940479999999846,-0.050000000000000044
7.992857e-10,1.37543565,1.32149518,1.37069,1.42069,0.05394046999999991,-0.050000000000000044
8.002857e-10,1.37543564,1.32149518,1.37069,1.42069,0.05394045999999997,-0.050000000000000044
8.012857e-10,1.37543564,1.32149518,1.37069,1.42069,0.05394045999999997,-0.050000000000000044
8.022857e-10,1.37543563,1.32149517,1.37069,1.42069,0.05394045999999997,-0.050000000000000044
8.032857e-10,1.37543562,1.32149517,1.37069,1.42069,0.05394045000000003,-0.050000000000000044
8.042857e-10,1.37543561,1.32149517,1.37069,1.42069,0.05394044000000009,-0.050000000000000044
8.052857e-10,1.3754356,1.32149516,1.37069,1.42069,0.05394044000000009,-0.050000000000000044
8.062857e-10,1.37543559,1.32149516,1.37069,1.42069,0.05394042999999993,-0.050000000000000044
8.072857e-10,1.37543558,1.32149515,1.37069,1.42069,0.05394042999999993,-0.050000000000000044
8.082857e-10,1.37543557,1.32149515,1.37069,1.42069,0.05394041999999999,-0.050000000000000044
8.092857e-10,1.37543557,1.32149515,1.37069,1.42069,0.05394041999999999,-0.050000000000000044
8.102857e-10,1.37543556,1.32149514,1.37069,1.42069,0.05394041999999999,-0.050000000000000044
8.112857e-10,1.37543555,1.32149514,1.37069,1.42069,0.05394041000000005,-0.050000000000000044
8.122857e-10,1.37543554,1.32149513,1.37069,1.42069,0.05394041000000005,-0.050000000000000044
8.132857e-10,1.37543553,1.32149513,1.37069,1.42069,0.05394040000000011,-0.050000000000000044
8.142857e-10,1.37543552,1.32149513,1.37069,1.42069,0.05394038999999995,-0.050000000000000044
8.152857e-10,1.37543552,1.32149512,1.37069,1.42069,0.05394039999999989,-0.050000000000000044
8.162857e-10,1.37543551,1.32149512,1.37069,1.42069,0.05394038999999995,-0.050000000000000044
8.172857e-10,1.3754355,1.32149511,1.37069,1.42069,0.05394038999999995,-0.050000000000000044
8.182857e-10,1.37543549,1.32149511,1.37069,1.42069,0.05394038000000001,-0.050000000000000044
8.192857e-10,1.37543548,1.3214951,1.37069,1.42069,0.05394038000000001,-0.050000000000000044
8.202857e-10,1.37543547,1.3214951,1.37069,1.42069,0.05394037000000007,-0.050000000000000044
8.212857e-10,1.37543546,1.32149509,1.37069,1.42069,0.05394037000000007,-0.050000000000000044
8.222857e-10,1.37543546,1.32149509,1.37069,1.42069,0.05394037000000007,-0.050000000000000044
8.232857e-10,1.37543545,1.32149508,1.37069,1.42069,0.05394036999999985,-0.050000000000000044
8.242857e-10,1.37543544,1.32149508,1.37069,1.42069,0.05394035999999991,-0.050000000000000044
8.252857e-10,1.37543543,1.32149507,1.37069,1.42069,0.05394035999999991,-0.050000000000000044
8.262857e-10,1.37543542,1.32149507,1.37069,1.42069,0.05394034999999997,-0.050000000000000044
8.272857e-10,1.37543541,1.32149506,1.37069,1.42069,0.05394034999999997,-0.050000000000000044
8.282857e-10,1.37543541,1.32149506,1.37069,1.42069,0.05394034999999997,-0.050000000000000044
8.292857e-10,1.3754354,1.32149505,1.37069,1.42069,0.05394034999999997,-0.050000000000000044
8.302857e-10,1.37543539,1.32149505,1.37069,1.42069,0.05394034000000003,-0.050000000000000044
8.312857e-10,1.37543538,1.32149504,1.37069,1.42069,0.05394034000000003,-0.050000000000000044
8.322857e-10,1.37543537,1.32149503,1.37069,1.42069,0.05394034000000003,-0.050000000000000044
8.332857e-10,1.37543536,1.32149503,1.37069,1.42069,0.05394033000000009,-0.050000000000000044
8.342857e-10,1.37543536,1.32149502,1.37069,1.42069,0.05394034000000003,-0.050000000000000044
8.352857e-10,1.37543535,1.32149502,1.37069,1.42069,0.05394033000000009,-0.050000000000000044
8.362857e-10,1.37543534,1.32149501,1.37069,1.42069,0.05394032999999987,-0.050000000000000044
8.372857e-10,1.37543533,1.32149501,1.37069,1.42069,0.05394031999999993,-0.050000000000000044
8.382857e-10,1.37543532,1.321495,1.37069,1.42069,0.05394031999999993,-0.050000000000000044
8.392857e-10,1.37543532,1.32149499,1.37069,1.42069,0.05394033000000009,-0.050000000000000044
8.402857e-10,1.37543531,1.32149499,1.37069,1.42069,0.05394032000000015,-0.050000000000000044
8.412857e-10,1.3754353,1.32149498,1.37069,1.42069,0.05394031999999993,-0.050000000000000044
8.422857e-10,1.37543529,1.32149498,1.37069,1.42069,0.05394030999999999,-0.050000000000000044
8.432857e-10,1.37543528,1.32149497,1.37069,1.42069,0.05394030999999999,-0.050000000000000044
8.442857e-10,1.37543528,1.32149496,1.37069,1.42069,0.05394031999999993,-0.050000000000000044
8.452857e-10,1.37543527,1.32149496,1.37069,1.42069,0.05394030999999999,-0.050000000000000044
8.462857e-10,1.37543526,1.32149495,1.37069,1.42069,0.05394030999999999,-0.050000000000000044
8.472857e-10,1.37543525,1.32149495,1.37069,1.42069,0.05394030000000005,-0.050000000000000044
8.482857e-10,1.37543524,1.32149494,1.37069,1.42069,0.05394030000000005,-0.050000000000000044
8.492857e-10,1.37543524,1.32149493,1.37069,1.42069,0.05394030999999999,-0.050000000000000044
8.502857e-10,1.37543523,1.32149493,1.37069,1.42069,0.05394029999999983,-0.050000000000000044
8.512857e-10,1.37543522,1.32149492,1.37069,1.42069,0.05394030000000005,-0.050000000000000044
8.522857e-10,1.37543521,1.32149491,1.37069,1.42069,0.05394030000000005,-0.050000000000000044
8.532857e-10,1.37543521,1.32149491,1.37069,1.42069,0.05394030000000005,-0.050000000000000044
8.542857e-10,1.3754352,1.3214949,1.37069,1.42069,0.05394030000000005,-0.050000000000000044
8.552857e-10,1.37543519,1.3214949,1.37069,1.42069,0.05394028999999989,-0.050000000000000044
8.562857e-10,1.37543518,1.32149489,1.37069,1.42069,0.05394028999999989,-0.050000000000000044
8.572857e-10,1.37543517,1.32149488,1.37069,1.42069,0.05394029000000011,-0.050000000000000044
8.582857e-10,1.37543517,1.32149488,1.37069,1.42069,0.05394029000000011,-0.050000000000000044
8.592857e-10,1.37543516,1.32149487,1.37069,1.42069,0.05394029000000011,-0.050000000000000044
8.602857e-10,1.37543515,1.32149486,1.37069,1.42069,0.05394028999999989,-0.050000000000000044
8.612857e-10,1.37543514,1.32149486,1.37069,1.42069,0.05394027999999995,-0.050000000000000044
8.622857e-10,1.37543514,1.32149485,1.37069,1.42069,0.05394028999999989,-0.050000000000000044
8.632857e-10,1.37543513,1.32149484,1.37069,1.42069,0.05394029000000011,-0.050000000000000044
8.642857e-10,1.37543512,1.32149484,1.37069,1.42069,0.05394027999999995,-0.050000000000000044
8.652857e-10,1.37543511,1.32149483,1.37069,1.42069,0.05394027999999995,-0.050000000000000044
8.662857e-10,1.37543511,1.32149482,1.37069,1.42069,0.05394028999999989,-0.050000000000000044
8.672857e-10,1.3754351,1.32149482,1.37069,1.42069,0.05394027999999995,-0.050000000000000044
8.682857e-10,1.37543509,1.32149481,1.37069,1.42069,0.053940280000000174,-0.050000000000000044
8.692857e-10,1.37543508,1.32149481,1.37069,1.42069,0.05394027000000001,-0.050000000000000044
8.702857e-10,1.37543508,1.3214948,1.37069,1.42069,0.05394027999999995,-0.050000000000000044
8.712857e-10,1.37543507,1.32149479,1.37069,1.42069,0.05394027999999995,-0.050000000000000044
8.722857e-10,1.37543506,1.32149479,1.37069,1.42069,0.05394027000000001,-0.050000000000000044
8.732857e-10,1.37543506,1.32149478,1.37069,1.42069,0.05394027999999995,-0.050000000000000044
8.742857e-10,1.37543505,1.32149477,1.37069,1.42069,0.053940280000000174,-0.050000000000000044
8.752857e-10,1.37543504,1.32149477,1.37069,1.42069,0.05394027000000001,-0.050000000000000044
8.762857e-10,1.37543503,1.32149476,1.37069,1.42069,0.05394027000000001,-0.050000000000000044
8.772857e-10,1.37543503,1.32149475,1.37069,1.42069,0.05394027999999995,-0.050000000000000044
8.782857e-10,1.37543502,1.32149475,1.37069,1.42069,0.05394027000000001,-0.050000000000000044
8.792857e-10,1.37543501,1.32149474,1.37069,1.42069,0.05394027000000001,-0.050000000000000044
8.802857e-10,1.375435,1.32149473,1.37069,1.42069,0.05394027000000001,-0.050000000000000044
8.812857e-10,1.375435,1.32149473,1.37069,1.42069,0.05394027000000001,-0.050000000000000044
8.822857e-10,1.37543499,1.32149472,1.37069,1.42069,0.05394027000000001,-0.050000000000000044
8.832857e-10,1.37543498,1.32149471,1.37069,1.42069,0.05394027000000001,-0.050000000000000044
8.842857e-10,1.37543498,1.32149471,1.37069,1.42069,0.05394027000000001,-0.050000000000000044
8.852857e-10,1.37543497,1.3214947,1.37069,1.42069,0.05394027000000001,-0.050000000000000044
8.862857e-10,1.37543496,1.32149469,1.37069,1.42069,0.05394027000000001,-0.050000000000000044
8.872857e-10,1.37543496,1.32149469,1.37069,1.42069,0.05394027000000001,-0.050000000000000044
8.882857e-10,1.37543495,1.32149468,1.37069,1.42069,0.05394027000000001,-0.050000000000000044
8.892857e-10,1.37543494,1.32149467,1.37069,1.42069,0.05394027000000001,-0.050000000000000044
8.902857e-10,1.37543493,1.32149467,1.37069,1.42069,0.05394025999999985,-0.050000000000000044
8.912857e-10,1.37543493,1.32149466,1.37069,1.42069,0.05394027000000001,-0.050000000000000044
8.922857e-10,1.37543492,1.32149465,1.37069,1.42069,0.05394027000000001,-0.050000000000000044
8.932857e-10,1.37543491,1.32149465,1.37069,1.42069,0.05394026000000007,-0.050000000000000044
8.942857e-10,1.37543491,1.32149464,1.37069,1.42069,0.05394027000000001,-0.050000000000000044
8.952857e-10,1.3754349,1.32149463,1.37069,1.42069,0.05394027000000001,-0.050000000000000044
8.962857e-10,1.37543489,1.32149463,1.37069,1.42069,0.05394026000000007,-0.050000000000000044
8.972857e-10,1.37543489,1.32149462,1.37069,1.42069,0.05394027000000001,-0.050000000000000044
8.982857e-10,1.37543488,1.32149461,1.37069,1.42069,0.05394027000000001,-0.050000000000000044
8.992857e-10,1.37543487,1.32149461,1.37069,1.42069,0.05394026000000007,-0.050000000000000044
9.002857e-10,1.37543487,1.3214946,1.37069,1.42069,0.05394027000000001,-0.050000000000000044
9.012857e-10,1.37543486,1.3214946,1.37069,1.42069,0.05394025999999985,-0.050000000000000044
9.022857e-10,1.37543485,1.32149459,1.37069,1.42069,0.05394026000000007,-0.050000000000000044
9.032857e-10,1.37543485,1.32149458,1.37069,1.42069,0.05394027000000001,-0.050000000000000044
9.042857e-10,1.37543484,1.32149458,1.37069,1.42069,0.05394026000000007,-0.050000000000000044
9.052857e-10,1.37543483,1.32149457,1.37069,1.42069,0.05394026000000007,-0.050000000000000044
9.062857e-10,1.37543483,1.32149456,1.37069,1.42069,0.05394027000000001,-0.050000000000000044
9.072857e-10,1.37543482,1.32149456,1.37069,1.42069,0.05394025999999985,-0.050000000000000044
9.082857e-10,1.37543482,1.32149455,1.37069,1.42069,0.05394027000000001,-0.050000000000000044
9.092857e-10,1.37543481,1.32149454,1.37069,1.42069,0.05394027000000001,-0.050000000000000044
9.102857e-10,1.3754348,1.32149454,1.37069,1.42069,0.05394026000000007,-0.050000000000000044
9.112857e-10,1.3754348,1.32149453,1.37069,1.42069,0.05394027000000001,-0.050000000000000044
9.122857e-10,1.37543479,1.32149452,1.37069,1.42069,0.05394027000000001,-0.050000000000000044
9.132857e-10,1.37543478,1.32149452,1.37069,1.42069,0.05394026000000007,-0.050000000000000044
9.142857e-10,1.37543478,1.32149451,1.37069,1.42069,0.05394027000000001,-0.050000000000000044
9.152857e-10,1.37543477,1.3214945,1.37069,1.42069,0.05394027000000001,-0.050000000000000044
9.162857e-10,1.37543476,1.3214945,1.37069,1.42069,0.05394026000000007,-0.050000000000000044
9.172857e-10,1.37543476,1.32149449,1.37069,1.42069,0.05394027000000001,-0.050000000000000044
9.182857e-10,1.37543475,1.32149449,1.37069,1.42069,0.05394025999999985,-0.050000000000000044
9.192857e-10,1.37543475,1.32149448,1.37069,1.42069,0.05394027000000001,-0.050000000000000044
9.202857e-10,1.37543474,1.32149447,1.37069,1.42069,0.05394027000000001,-0.050000000000000044
9.212857e-10,1.37543473,1.32149447,1.37069,1.42069,0.05394026000000007,-0.050000000000000044
9.222857e-10,1.37543473,1.32149446,1.37069,1.42069,0.05394027000000001,-0.050000000000000044
9.232857e-10,1.37543472,1.32149445,1.37069,1.42069,0.05394027000000001,-0.050000000000000044
9.242857e-10,1.37543472,1.32149445,1.37069,1.42069,0.05394027000000001,-0.050000000000000044
9.252857e-10,1.37543471,1.32149444,1.37069,1.42069,0.05394027000000001,-0.050000000000000044
9.262857e-10,1.3754347,1.32149444,1.37069,1.42069,0.05394026000000007,-0.050000000000000044
9.272857e-10,1.3754347,1.32149443,1.37069,1.42069,0.05394027000000001,-0.050000000000000044
9.282857e-10,1.37543469,1.32149442,1.37069,1.42069,0.05394027000000001,-0.050000000000000044
9.292857e-10,1.37543469,1.32149442,1.37069,1.42069,0.05394027000000001,-0.050000000000000044
9.302857e-10,1.37543468,1.32149441,1.37069,1.42069,0.05394027000000001,-0.050000000000000044
9.312857e-10,1.37543467,1.3214944,1.37069,1.42069,0.05394027000000001,-0.050000000000000044
9.322857e-10,1.37543467,1.3214944,1.37069,1.42069,0.05394027000000001,-0.050000000000000044
9.332857e-10,1.37543466,1.32149439,1.37069,1.42069,0.05394027000000001,-0.050000000000000044
9.342857e-10,1.37543466,1.32149439,1.37069,1.42069,0.05394027000000001,-0.050000000000000044
9.352857e-10,1.37543465,1.32149438,1.37069,1.42069,0.05394027000000001,-0.050000000000000044
9.362857e-10,1.37543465,1.32149437,1.37069,1.42069,0.053940280000000174,-0.050000000000000044
9.372857e-10,1.37543464,1.32149437,1.37069,1.42069,0.05394027000000001,-0.050000000000000044
9.382857e-10,1.37543463,1.32149436,1.37069,1.42069,0.05394027000000001,-0.050000000000000044
9.392857e-10,1.37543463,1.32149435,1.37069,1.42069,0.05394027999999995,-0.050000000000000044
9.402857e-10,1.37543462,1.32149435,1.37069,1.42069,0.05394027000000001,-0.050000000000000044
9.412857e-10,1.37543462,1.32149434,1.37069,1.42069,0.05394027999999995,-0.050000000000000044
9.422857e-10,1.37543461,1.32149434,1.37069,1.42069,0.05394026999999979,-0.050000000000000044
9.432857e-10,1.37543461,1.32149433,1.37069,1.42069,0.05394027999999995,-0.050000000000000044
9.442857e-10,1.3754346,1.32149432,1.37069,1.42069,0.05394027999999995,-0.050000000000000044
9.452857e-10,1.37543459,1.32149432,1.37069,1.42069,0.05394027000000001,-0.050000000000000044
9.462857e-10,1.37543459,1.32149431,1.37069,1.42069,0.05394027999999995,-0.050000000000000044
9.472857e-10,1.37543458,1.32149431,1.37069,1.42069,0.05394027000000001,-0.050000000000000044
9.482857e-10,1.37543458,1.3214943,1.37069,1.42069,0.053940280000000174,-0.050000000000000044
9.492857e-10,1.37543457,1.3214943,1.37069,1.42069,0.05394027000000001,-0.050000000000000044
9.502857e-10,1.37543457,1.32149429,1.37069,1.42069,0.05394027999999995,-0.050000000000000044
9.512857e-10,1.37543456,1.32149428,1.37069,1.42069,0.05394027999999995,-0.050000000000000044
9.522857e-10,1.37543456,1.32149428,1.37069,1.42069,0.05394027999999995,-0.050000000000000044
9.532857e-10,1.37543455,1.32149427,1.37069,1.42069,0.05394027999999995,-0.050000000000000044
9.542857e-10,1.37543455,1.32149427,1.37069,1.42069,0.05394027999999995,-0.050000000000000044
9.552857e-10,1.37543454,1.32149426,1.37069,1.42069,0.053940280000000174,-0.050000000000000044
9.562857e-10,1.37543453,1.32149425,1.37069,1.42069,0.05394027999999995,-0.050000000000000044
9.572857e-10,1.37543453,1.32149425,1.37069,1.42069,0.05394027999999995,-0.050000000000000044
9.582857e-10,1.37543452,1.32149424,1.37069,1.42069,0.05394027999999995,-0.050000000000000044
9.592857e-10,1.37543452,1.32149424,1.37069,1.42069,0.05394027999999995,-0.050000000000000044
9.602857e-10,1.37543451,1.32149423,1.37069,1.42069,0.05394027999999995,-0.050000000000000044
9.612857e-10,1.37543451,1.32149423,1.37069,1.42069,0.05394027999999995,-0.050000000000000044
9.622857e-10,1.3754345,1.32149422,1.37069,1.42069,0.05394027999999995,-0.050000000000000044
9.632857e-10,1.3754345,1.32149421,1.37069,1.42069,0.05394028999999989,-0.050000000000000044
9.642857e-10,1.37543449,1.32149421,1.37069,1.42069,0.05394027999999995,-0.050000000000000044
9.652857e-10,1.37543449,1.3214942,1.37069,1.42069,0.05394028999999989,-0.050000000000000044
9.662857e-10,1.37543448,1.3214942,1.37069,1.42069,0.05394027999999995,-0.050000000000000044
9.672857e-10,1.37543448,1.32149419,1.37069,1.42069,0.05394029000000011,-0.050000000000000044
9.682857e-10,1.37543447,1.32149419,1.37069,1.42069,0.053940280000000174,-0.050000000000000044
9.692857e-10,1.37543447,1.32149418,1.37069,1.42069,0.05394029000000011,-0.050000000000000044
9.702857e-10,1.37543446,1.32149417,1.37069,1.42069,0.05394028999999989,-0.050000000000000044
9.712857e-10,1.37543446,1.32149417,1.37069,1.42069,0.05394028999999989,-0.050000000000000044
9.722857e-10,1.37543445,1.32149416,1.37069,1.42069,0.05394028999999989,-0.050000000000000044
9.732857e-10,1.37543445,1.32149416,1.37069,1.42069,0.05394028999999989,-0.050000000000000044
9.742857e-10,1.37543444,1.32149415,1.37069,1.42069,0.05394029000000011,-0.050000000000000044
9.752857e-10,1.37543444,1.32149415,1.37069,1.42069,0.05394029000000011,-0.050000000000000044
9.762857e-10,1.37543443,1.32149414,1.37069,1.42069,0.05394029000000011,-0.050000000000000044
9.772857e-10,1.37543443,1.32149414,1.37069,1.42069,0.05394029000000011,-0.050000000000000044
9.782857e-10,1.37543442,1.32149413,1.37069,1.42069,0.05394028999999989,-0.050000000000000044
9.792857e-10,1.37543442,1.32149413,1.37069,1.42069,0.05394028999999989,-0.050000000000000044
9.802857e-10,1.37543441,1.32149412,1.37069,1.42069,0.05394028999999989,-0.050000000000000044
9.812857e-10,1.37543441,1.32149411,1.37069,1.42069,0.05394030000000005,-0.050000000000000044
9.822857e-10,1.3754344,1.32149411,1.37069,1.42069,0.05394029000000011,-0.050000000000000044
9.832857e-10,1.3754344,1.3214941,1.37069,1.42069,0.05394030000000005,-0.050000000000000044
9.842857e-10,1.37543439,1.3214941,1.37069,1.42069,0.05394028999999989,-0.050000000000000044
9.852857e-10,1.37543439,1.32149409,1.37069,1.42069,0.05394029999999983,-0.050000000000000044
9.862857e-10,1.37543439,1.32149409,1.37069,1.42069,0.05394029999999983,-0.050000000000000044
9.872857e-10,1.37543438,1.32149408,1.37069,1.42069,0.05394030000000005,-0.050000000000000044
9.882857e-10,1.37543438,1.32149408,1.37069,1.42069,0.05394030000000005,-0.050000000000000044
9.892857e-10,1.37543437,1.32149407,1.37069,1.42069,0.05394030000000005,-0.050000000000000044
9.902857e-10,1.37543437,1.32149407,1.37069,1.42069,0.05394030000000005,-0.050000000000000044
9.912857e-10,1.37543436,1.32149406,1.37069,1.42069,0.05394030000000005,-0.050000000000000044
9.922857e-10,1.37543436,1.32149406,1.37069,1.42069,0.05394030000000005,-0.050000000000000044
9.932857e-10,1.37543435,1.32149405,1.37069,1.42069,0.05394029999999983,-0.050000000000000044
9.942857e-10,1.37543435,1.32149405,1.37069,1.42069,0.05394029999999983,-0.050000000000000044
9.952857e-10,1.37543434,1.32149404,1.37069,1.42069,0.05394030000000005,-0.050000000000000044
9.962857e-10,1.37543434,1.32149404,1.37069,1.42069,0.05394030000000005,-0.050000000000000044
9.972857e-10,1.37543433,1.32149403,1.37069,1.42069,0.05394030000000005,-0.050000000000000044
9.982857e-10,1.37543433,1.32149403,1.37069,1.42069,0.05394030000000005,-0.050000000000000044
9.992857e-10,1.37543433,1.32149402,1.37069,1.42069,0.05394030999999999,-0.050000000000000044
1.0002857e-09,1.37543432,1.32149402,1.37069,1.42069,0.05394030000000005,-0.050000000000000044
1.0012857e-09,1.37543432,1.32149401,1.37069,1.42069,0.05394030999999999,-0.050000000000000044
1.0022857e-09,1.37543431,1.32149401,1.37069,1.42069,0.05394029999999983,-0.050000000000000044
1.0032857e-09,1.37543431,1.321494,1.37069,1.42069,0.05394030999999999,-0.050000000000000044
1.0042857e-09,1.3754343,1.321494,1.37069,1.42069,0.05394030000000005,-0.050000000000000044
1.0052857e-09,1.3754343,1.32149399,1.37069,1.42069,0.05394030999999999,-0.050000000000000044
1.0062857e-09,1.3754343,1.32149399,1.37069,1.42069,0.05394030999999999,-0.050000000000000044
1.0072857e-09,1.37543429,1.32149398,1.37069,1.42069,0.05394030999999999,-0.050000000000000044
1.0082857e-09,1.37543429,1.32149398,1.37069,1.42069,0.05394030999999999,-0.050000000000000044
1.0092857e-09,1.37543428,1.32149397,1.37069,1.42069,0.05394030999999999,-0.050000000000000044
1.0102857e-09,1.37543428,1.32149397,1.37069,1.42069,0.05394030999999999,-0.050000000000000044
1.0112857e-09,1.37543427,1.32149396,1.37069,1.42069,0.05394030999999999,-0.050000000000000044
1.0122857e-09,1.37543427,1.32149396,1.37069,1.42069,0.05394030999999999,-0.050000000000000044
1.0132857e-09,1.37543427,1.32149395,1.37069,1.42069,0.05394031999999993,-0.050000000000000044
1.0142857e-09,1.37543426,1.32149395,1.37069,1.42069,0.05394030999999999,-0.050000000000000044
1.0152857e-09,1.37543426,1.32149394,1.37069,1.42069,0.05394031999999993,-0.050000000000000044
1.0162857e-09,1.37543425,1.32149394,1.37069,1.42069,0.05394030999999999,-0.050000000000000044
1.0172857e-09,1.37543425,1.32149393,1.37069,1.42069,0.05394032000000015,-0.050000000000000044
1.017857e-09,1.37543425,1.32149393,1.37069,1.42069,0.05394032000000015,-0.050000000000000044
