freq_Hz,gain_dB,gd_ps
1000000.0,-0.28258899136992927,-1053.8039612618354
1011583.97,-0.2824973582925908,-1053.6563405490672
1023302.12,-0.2824035906233202,-1053.2904494683416
1035156.02,-0.2823076704855868,-1052.9209026374613
1047147.23,-0.2822095261688438,-1052.5828962947112
1059277.35,-0.2821091398032318,-1052.2075046485036
1071547.98,-0.2820064217412658,-1051.7955870747498
1083960.76,-0.28190133617601576,-1051.4100736219918
1096517.32,-0.2817938293595978,-1051.0512644380483
1109219.34,-0.28168384754878817,-1050.6221705675598
1122068.5,-0.2815713370051708,-1050.1855330555243
1135066.51,-0.2814562260513841,-1049.7724473792905
1148215.08,-0.28133847890349595,-1049.3503253760045
1161515.97,-0.2812180059516388,-1048.8891203848416
1174970.93,-0.28109477142292566,-1048.417908756504
1188581.75,-0.2809687036633057,-1047.9654727721831
1202350.24,-0.2808397310256137,-1047.501147962164
1216278.23,-0.2807077818698128,-1046.997081277667
1230367.55,-0.28057282044741416,-1046.4801325705187
1244620.09,-0.28043473924804824,-1046.0055734713615
1259037.73,-0.2802935025375165,-1045.4904845673504
1273622.38,-0.28014902076372494,-1044.9327570649311
1288375.98,-0.28000122232502533,-1044.3878794080754
1303300.48,-0.2798500356283894,-1043.827434186892
1318397.87,-0.27969537114941573,-1043.2507248252025
1333670.15,-0.27953715731413864,-1042.6578774800937
1349119.34,-0.2793753404977248,-1042.0735673834486
1364747.49,-0.2792097953266907,-1041.4465830147553
1380556.68,-0.27904046819750694,-1040.825346222007
1396549.0,-0.2788672696385902,-1040.2114186459671
1412726.58,-0.2786900922524119,-1039.5281394393014
1429091.56,-0.278508882469049,-1038.8737688233805
1445646.11,-0.2783235149788663,-1038.2001093682027
1462392.42,-0.27813391829993145,-1037.480664605852
1479332.73,-0.27793998508938067,-1036.7640012303439
1496469.27,-0.2777416259565748,-1036.0488903425612
1513804.32,-0.2775387515257317,-1035.2887664010966
1531340.18,-0.2773312365655907,-1034.5277626431214
1549079.17,-0.27711900966905345,-1033.7674120254756
1567023.65,-0.2769019277055729,-1032.9379440428
1585176.0,-0.2766799013690608,-1032.128228261979
1603538.63,-0.276452841370912,-1031.2954068047145
1622113.96,-0.2762206046412459,-1030.4364342030085
1640904.48,-0.27598308399978444,-1029.573897588204
1659912.66,-0.27574017228753084,-1028.6648196503581
1679141.03,-0.2754917444358039,-1027.7700260287008
1698592.15,-0.27523767540060107,-1026.8496985531087
1718268.58,-0.2749778401634191,-1025.861690592074
1738172.95,-0.27471211373205634,-1024.8859594350968
1758307.89,-0.2744403711414589,-1023.9037984611815
1778676.06,-0.2741624874545746,-1022.8922041291175
1799280.19,-0.2738783019066932,-1021.852371156854
1820122.99,-0.2735877075506658,-1020.7840445027706
1841207.23,-0.2732905257595203,-1019.6866759806962
1862535.72,-0.272986649651185,-1018.5780201787817
1884111.27,-0.27267591859656287,-1017.4406353825183
1905936.75,-0.2723581899306947,-1016.2723638788108
1928015.06,-0.2720333031017803,-1015.1102821327398
1950349.12,-0.27170109759952704,-1013.8818505120591
1972941.9,-0.27136141295649907,-1012.6391758324705
1995796.39,-0.27101410667181686,-1011.3836870944602
2018915.63,-0.27065900044404123,-1010.0788086936938
2042302.68,-0.2702959339425239,-1008.7593390763731
2065960.65,-0.2699247289650041,-1007.4077087039415
2089892.67,-0.2695452252816242,-1006.0241272204413
2114101.91,-0.26915720895854145,-1004.6078283287179
2138591.6,-0.26876053779566095,-1003.1747269680867
2163364.97,-0.2683550158939565,-1001.6930317575641
2188425.32,-0.26794042950173996,-1000.1929806823889
2213775.97,-0.26751661868160054,-998.6605478307135
2239420.27,-0.26708336981379216,-997.0781191490119
2265361.64,-0.2666404872649462,-995.4775858055244
2291603.52,-0.2661877754733672,-993.8428758718496
2318149.37,-0.26572500312832864,-992.1740049130648
2345002.74,-0.2652519927343789,-990.4554536965425
2372167.17,-0.26476851314228383,-988.7171733767542
2399646.28,-0.26427433329176364,-986.930036365975
2427443.7,-0.2637692580291099,-985.1073733517377
2455563.13,-0.26325303856769783,-983.2503957520934
2484008.29,-0.262725444127784,-981.3437707934712
2512782.96,-0.2621862440300215,-979.4023771161154
2541890.95,-0.26163520769850507,-977.4254943456094
2571336.13,-0.26107208676202603,-975.4131487433627
2601122.4,-0.2604966150631542,-973.3515967203855
2631253.72,-0.25990858026559527,-971.2285625331049
2661734.07,-0.2593076806537099,-969.0822423818064
2692567.51,-0.2586936862397735,-966.8882849586408
2723758.12,-0.2580663313686764,-964.6448893106262
2755310.04,-0.25742533262896,-962.3664641525978
2787227.46,-0.2567704067566546,-960.0144099492039
2819514.61,-0.2561013064229772,-957.6387358356644
2852175.78,-0.2554177307738243,-955.2037484534458
2885215.28,-0.25471937912167225,-952.7203655261484
2918637.52,-0.25400598672521923,-950.2013819421442
2952446.92,-0.25327723535055746,-947.611170370812
2986647.97,-0.25253284272006615,-944.9737346027115
3021245.2,-0.25177249097163806,-942.2781702008007
3056243.2,-0.2509958803230557,-939.5353082880317
3091646.62,-0.25020267543131103,-936.746155608802
3127460.15,-0.2493925590483129,-933.888371874957
3163688.54,-0.24856523201878383,-930.9732590962396
3200336.61,-0.24772034178038668,-928.0015635103705
3237409.2,-0.2468575717591678,-924.9843908060315
3274911.24,-0.24597656987554173,-921.9007676639429
3312847.7,-0.24507700217607825,-918.740345180398
3351223.62,-0.24415851709742187,-915.5354552204805
3390044.08,-0.24322076334819054,-912.2762002829757
3429314.24,-0.24226338991666468,-908.9323505234788
3469039.3,-0.24128602821748346,-905.534651128016
3509224.53,-0.24028832782797996,-902.0744812671477
3549875.27,-0.2392699029153017,-898.541503396726
3590996.91,-0.23823038583051293,-894.9566373467466
3632594.9,-0.2371693914016153,-891.2917938411059
3674674.75,-0.23608655265445122,-887.5475405511207
3717242.06,-0.23498148511461253,-883.7526001573566
3760302.47,-0.23385378682823832,-879.8897511620124
3803861.69,-0.2327030562271727,-875.9319126376625
3847925.5,-0.2315289278215857,-871.9163853343947
3892499.74,-0.23033096515439155,-867.8355894177912
3937590.32,-0.22910878571395793,-863.6718090650111
3983203.24,-0.22786197174001768,-859.4354175336526
4029344.53,-0.22659012375320692,-855.1187796628
4076020.32,-0.22529280706882332,-850.7229738397447
4123236.81,-0.22396962313766086,-846.2575237022987
4171000.24,-0.22262013823995647,-841.7153122653402
4219316.97,-0.2212439369853414,-837.088977231994
4268193.4,-0.21984058667740813,-832.3802428394681
4317636.01,-0.21840967296942354,-827.5980555835825
4367651.36,-0.21695076424056822,-822.7281275169187
4418246.08,-0.21546341162431476,-817.7791039752731
4469426.9,-0.21394720245279206,-812.753288108145
4521200.59,-0.2124016890324974,-807.628257752328
4573574.03,-0.21082644208600926,-802.4287772992396
4626554.16,-0.20922101515999592,-797.1490582036456
4680148.0,-0.20758498024049626,-791.7826299732385
4734362.68,-0.2059178921742328,-786.3240612311666
4789205.38,-0.20421932427112283,-780.7821794083699
4844683.38,-0.20248883273937565,-775.1520925507646
4900804.03,-0.20072599227471294,-769.4349911877222
4957574.78,-0.1989303605097657,-763.6331948207128
5015003.16,-0.1971014780485013,-757.7341861332143
5073096.78,-0.19523895733526908,-751.7607447888529
5131863.37,-0.19334234049229243,-745.6946086632652
5191310.7,-0.1914112059666122,-739.5307226197763
5251446.67,-0.18944511524325514,-733.2783677601725
5312279.25,-0.18744368388525712,-726.9457072340399
5373816.52,-0.18540645726264032,-720.5224229493422
5436066.63,-0.18333303484903668,-714.0038349906004
5499037.84,-0.18122301696148427,-707.3990001635824
5562738.51,-0.17907596930964836,-700.7036987246337
5627177.09,-0.17689154716138353,-693.9206559793923
5692362.12,-0.17466930027646482,-687.0518566276976
5758302.25,-0.17240888570008878,-680.0881186862881
5825006.23,-0.17010992591873014,-673.037555933317
5892482.91,-0.16777200892267488,-665.9033242356687
5960741.24,-0.16539482991690904,-658.675857185873
6029790.26,-0.162977978781805,-651.3696585286622
6099639.15,-0.16052117028232868,-643.9702077734623
6170297.17,-0.1580240139290915,-636.4860074297984
6241773.68,-0.1554862440584446,-628.9201339302286
6314078.18,-0.15290750750293883,-621.2640823808305
6387220.25,-0.15028750513655853,-613.5318937418388
6461209.6,-0.14762599180984695,-605.7159408432465
6536056.03,-0.14492265263295034,-597.8188927045052
6611769.49,-0.14217724436651039,-589.8441427157844
6688360.0,-0.13938952471194124,-581.7892993231799
6765837.74,-0.1365592523229291,-573.6578875631451
6844212.98,-0.13368622209938977,-565.4528253235761
6923496.11,-0.1307702475044685,-557.1725402195199
7003697.66,-0.12781112528575478,-548.8152955573017
7084828.26,-0.12480868838429131,-540.3943533017073
7166898.67,-0.1217628234996102,-531.9080207238835
7249919.79,-0.11867340056080372,-523.3501516121576
7333902.62,-0.11554029036812864,-514.7289580758904
7418858.3,-0.11236341739320983,-506.04337241607624
7504798.11,-0.10914272450453323,-497.2966318228091
7591733.44,-0.10587817293802221,-488.4971923683031
7679675.82,-0.10256974226627474,-479.6392987643783
7768636.93,-0.09921743036647433,-470.7309790982527
7858628.56,-0.09582125338695258,-461.77153810283687
7949662.65,-0.09238129838501757,-452.76011179393663
8041751.28,-0.08889760033186636,-443.7091645934079
8134906.65,-0.08537028256201892,-434.617959816791
8229141.14,-0.08179946891050609,-425.48576841901667
8324467.24,-0.07818531876452059,-416.32063478760494
8420897.59,-0.07452800946207423,-407.1179228223973
8518444.98,-0.07082773624693896,-397.88531528332595
8617122.36,-0.06708476474176236,-388.63471271479045
8716942.82,-0.0632993257931006,-379.35771299464625
8817919.59,-0.059471755464956665,-370.0578624711196
8920066.08,-0.055602319960754765,-360.74672453519213
9023395.83,-0.05169142547075022,-351.42414472193553
9127922.54,-0.047739425698942684,-342.09361050401
9233660.09,-0.04374672672192717,-332.7586784931399
9340622.5,-0.03971378685130127,-323.4192546068346
9448823.96,-0.03564108160639519,-314.0862778211749
9558278.82,-0.03152910365278011,-304.7631935879398
9669001.6,-0.02737838016659361,-295.4497481961976
9781006.99,-0.023189507565851572,-286.15305069903053
9894309.85,-0.01896304686026661,-276.87292218825695
10008925.2,-0.014699628119257584,-267.6160056764669
10124868.3,-0.010399915491668656,-258.39267183187883
10242154.4,-0.006064607093876224,-249.19589461487456
10360799.2,-0.0016944175212397995,-240.03529694653938
10480818.3,0.0027099222225823415,-230.91761882134747
10602227.8,0.007147612724168703,-221.84223322781833
10725043.6,0.011617855759786602,-212.81561656123196
10849282.2,0.016119819644556787,-203.84042077502005
10974959.9,0.020652639350386557,-194.9259436206721
11102093.5,0.025215416624778244,-186.07162456439434
11230699.7,0.02980722011037,-177.2830214880444
11360795.8,0.03442710276812325,-168.56273052960617
11492398.9,0.03907410195165512,-159.91327260185568
11625526.4,0.0437472221967144,-151.34296008019678
11760196.1,0.0484454007911233,-142.8537860558125
11896425.9,0.05316762884945967,-134.4480586833197
12034233.7,0.05791279589151187,-126.13357561779945
12173637.8,0.06267982812566765,-117.91493969367366
12314656.8,0.0674676194297523,-109.7882105638584
12457309.4,0.07227497978607225,-101.76069190843124
12601614.5,0.07710080772565467,-93.83959064687281
12747591.1,0.08194388360671373,-86.02613794877172
12895258.8,0.08680302476219619,-78.32166791854846
13044637.0,0.09167703385474485,-70.72733135443517
13195745.7,0.0965646645829745,-63.252110997003534
13348604.8,0.10146467335282905,-55.89960296105354
13503234.6,0.10637581929231969,-48.66532290889626
13659655.6,0.11129684711378343,-41.557519918645674
13817888.6,0.11622645289190305,-34.57942105750533
13977954.5,0.12116335274368015,-27.728726148214655
14139874.7,0.12610626566604277,-21.010783181890304
14303670.5,0.1310538964299175,-14.428104944027227
14469363.8,0.13600493563276053,-7.983146259773385
14636976.4,0.14095807684133915,-1.6780871755180857
14806530.6,0.14591201659164194,4.487312872871951
14978049.0,0.15086542024153107,10.511104794187185
15151554.2,0.15581699031571217,16.391428563791266
15327069.3,0.16076543229598103,22.12671949753128
15504617.6,0.1657094375698112,27.713221690382845
15684222.5,0.17064768346898046,33.15401155944588
15865908.0,0.17557888437844418,38.447921716077424
16049698.2,0.1805017746113497,43.59166711896265
16235617.3,0.18541504032589237,48.58647541678596
16423690.2,0.1903174556144321,53.42952330240922
16613941.7,0.19520772937315795,58.1242596534363
16806397.0,0.20008462430594762,62.66818921541314
17001081.8,0.20494692282545263,67.06277949028505
17198021.7,0.20979341002470242,71.30797863561224
17397243.0,0.21462287365198954,75.39941201950731
17598772.1,0.2194341379609429,79.34511154380117
17802635.7,0.22422602973062733,83.14313694484989
18008860.8,0.22899741207605417,86.78975939261372
18217474.9,0.23374716741462676,90.29101047085545
18428505.5,0.23847419738912676,93.64920445824019
18641980.7,0.24317740589791936,96.85907396053024
18857928.8,0.24785576659452618,99.92496029368962
19076378.4,0.2525082045546604,102.85118455733524
19297358.5,0.2571337481634207,105.63477348307488
19520898.5,0.2617313939627653,108.280096009464
19747027.9,0.2663002077902767,110.78986006525957
19975776.8,0.27083925721370683,113.16138421562465
20207175.5,0.275347628326538,115.39915280375389
20441254.8,0.27982447613278805,117.50765295513337
20678045.6,0.2842689234649774,119.48629145765001
20917579.4,0.2886801786635244,121.334506103773
21159887.9,0.29305745135237515,123.06007501198027
21405003.4,0.29740000276747136,124.66269597552757
21652958.2,0.30170707848369266,126.1434721523377
21903785.3,0.30597800904723466,127.5069826162878
22157518.1,0.3102121259267217,128.7560792248203
22414190.0,0.31440879499184754,129.89062037128468
22673835.2,0.3185673996567742,130.91480476591917
22936488.2,0.3226873910260557,131.8333270908456
23202183.7,0.3267682207871675,132.6428942184432
23470957.0,0.33080937462984844,133.35086591772316
23742843.8,0.3348103888578132,133.9616059476345
24017880.1,0.3387707834205495,134.47356963401293
24296102.4,0.3426901788265877,134.89092726024748
24577547.7,0.34656816235793975,135.21804191178998
24862253.1,0.3504043882344685,135.45478319723566
25150256.7,0.3541985274146195,135.60529464283783
25441596.4,0.35795025087152554,135.67370178270548
25736311.0,0.3616593295561973,135.66125591944748
26034439.6,0.36532550091949934,135.57064885791337
26336021.6,0.36894856886586563,135.4057696423073
26641097.2,0.3725283203901638,135.16788308350777
26949706.8,0.37606459214419957,134.85952133537103
27261891.3,0.3795572869543308,134.4844674260811
27577692.1,0.38300627394642733,134.04636432406545
27897151.2,0.3864114716853923,133.54635057660101
28220310.9,0.3897728148529,132.98557452107752
28547214.0,0.3930903040207645,132.36874005088836
28877904.0,0.39636388934426064,131.6992949721407
29212424.6,0.3995936199708882,130.9770565758044
29550820.4,0.4027795277629043,130.20527517653755
29893136.1,0.40592164390840707,129.38845476118175
30239417.2,0.4090200817863928,128.526254613275
30589709.6,0.4120749208544977,127.62179958474351
30944059.8,0.4150863060789803,126.67708489155244
31302514.7,0.41805434849271683,125.69609872343004
31665122.0,0.42097922455767606,124.6796470585895
32031929.7,0.42386110988308123,123.62725224202288
32402986.5,0.4267001957732691,122.54606235798461
32778341.6,0.42949668920988593,121.43664396161391
33158044.8,0.4322508128352003,120.297399895844
33542146.5,0.4349628214598532,119.13407078660856
33930697.6,0.4376329689866714,117.94716943453602
34323749.7,0.4402615249363457,116.73803651342266
34721354.9,0.4428487744352295,115.51017890748851
35123565.9,0.44539500170073865,114.26288711769062
35530436.1,0.44790053955110315,112.99941221604041
35942019.5,0.4503656868786876,111.72102351994933
36358370.6,0.4527907746693747,110.42982969252856
36779544.8,0.4551761494864406,109.12604558527337
37205597.8,0.45752217346369095,107.81167217397298
37636586.2,0.4598291913474891,106.4887478553793
38072567.1,0.46209757995000655,105.15726864102592
38513598.5,0.46432769872003177,103.8191698249086
38959738.7,0.46651995563401205,102.47623448496728
39411047.0,0.4686747248544287,101.13019165547529
39867583.3,0.47079241260884225,99.78013021993719
40329408.0,0.4728734078127448,98.42854403012046
40796582.5,0.47491813144874745,97.07620779781702
41269168.8,0.476926987214109,95.7237876397951
41747229.5,0.4789003944368948,94.37284034321357
42230828.0,0.4808387880743954,93.02394424565166
42720028.5,0.4827425694143941,91.67852764784048
43214895.8,0.4846121718445364,90.33632149897583
43715495.7,0.4864480444080084,88.99863960581591
44221894.6,0.488250586114778,87.66602066363338
44734159.5,0.49002026094133483,86.340449085494
45252358.5,0.4917574828712711,85.02158037071028
45776560.3,0.49346269802304565,83.70902262064268
46306834.5,0.49513635181544996,82.40544383703266
46843251.3,0.4967788561718853,81.10968896827211
47385882.0,0.49839067158228045,79.82351956935261
47934798.4,0.4999722414728202,78.54724441237083
48490073.5,0.5015239758397315,77.2796443631234
49051780.9,0.5030463168705278,76.02385387110797
49619995.1,0.5045397225384847,74.77866509381155
50194791.5,0.5060046010490364,73.54422958353375
50776246.3,0.5074414092115239,72.32282871869765
51364436.6,0.5088505541128571,71.11187336257608
51959440.5,0.5102324586941583,69.91346676388682
52561336.9,0.5115875781291352,68.7284645944132
53170205.7,0.5129163179340139,67.55557664700548
53786127.6,0.5142190995111727,66.39556528911503
54409184.3,0.5154963437785997,65.24847584928648
55039458.5,0.5167484711824787,64.11563261678727
55677033.7,0.5179758853434333,62.99641737927393
56321994.6,0.5191789894438144,61.890833793705326
56974426.7,0.520358202600796,60.79890267199862
57634416.6,0.5215139271478474,59.72059941488765
58302051.7,0.5226465486568876,58.656512750293075
58977420.7,0.523756468670038,57.60717644719684
59660613.2,0.5248440883464303,56.57197450972897
60351719.7,0.5259097757703115,55.550258681816764
61050832.0,0.5269539150285849,54.543104681962475
61758042.8,0.52797690621044,53.55045388278065
62473445.9,0.5289791000258468,52.572747393725116
63197136.2,0.5299608795606785,51.60880821952875
63929209.8,0.5309226112417849,50.65851144871925
64669763.6,0.5318646448548177,49.72340058247904
65418896.0,0.5327873625759948,48.802273409476
66176706.3,0.533691080943844,47.89501406910255
66943295.0,0.534576181579857,47.00252234645911
67718763.9,0.535442980496897,46.124154304017516
68503215.8,0.5362918424607384,45.25876179428231
69296754.8,0.5371230829927894,44.40820748585023
70099486.0,0.5379370337147145,43.571378592151454
70911516.1,0.538734026020269,42.748047457199526
71732952.8,0.5395143747562622,41.938632682030004
72563904.9,0.54027841088449,41.14243988057356
73404482.7,0.5410264325124576,40.36028299797061
74254797.8,0.5417587538774109,39.591039774117185
75114962.9,0.5424756563850254,38.835015111969305
75985092.1,0.5431774702217178,38.0920493973266
76865300.9,0.5438644764358072,37.36151861005834
77755706.0,0.5445369395944507,36.64459383774743
78656425.5,0.5451951893691083,35.94022444031373
79567578.9,0.5458394573787938,35.248194987367896
80489287.0,0.546470056668583,34.56881821872066
81421672.2,0.5470872348821574,33.901439058307666
82364858.2,0.5476912721507168,33.24634681462604
83318969.9,0.5482824158492149,32.602922958277304
84284134.1,0.5488609458435364,31.971410284955986
85260478.7,0.5494270929487095,31.351644014090137
86248133.2,0.5499811041722197,30.74342846899872
87247228.7,0.5505232590170838,30.14659445966802
88257897.7,0.5510537553479878,29.56096528576082
89280274.2,0.5515728561457868,28.985975860787182
90314493.9,0.5520807753772649,28.42221514224015
91360694.0,0.5525777595177475,27.869530109329705
92419013.2,0.5530640060440581,27.32734073210477
93489592.0,0.5535397775456556,26.795116944282036
94572572.3,0.5540052550243049,26.273049977445982
95668097.8,0.5544606520011485,25.761720115128167
96776313.8,0.5549061982138019,25.260211258850067
97897367.4,0.5553420744313029,24.76835955742016
99031407.2,0.5557685102390251,24.28600270691143
100178584.0,0.5561856699690204,23.812996177959732
101339049.0,0.556593766772358,23.349840843328458
102512957.0,0.5569929811458396,22.895697642238574
103700464.0,0.5573835098176189,22.45039638329813
104901727.0,0.5577655331627975,22.014474063531654
106116905.0,0.5581392314995219,21.58677525013976
107346159.0,0.5585047525108684,21.167767991347425
108589654.0,0.5588623089887835,20.75732788241984
109847553.0,0.5592120648021627,20.354988934957333
111120023.0,0.5595541674843241,19.9612090471626
112407234.0,0.5598887808122536,19.57523353674068
113709355.0,0.5602160685181095,19.196904497718418
115026561.0,0.56053619429063,18.826693725832786
116359024.0,0.5608493054909593,18.463862967389872
117706923.0,0.5611555494418331,18.108539551108688
119070437.0,0.5614550897131131,17.760347387319694
120449744.0,0.5617480572686999,17.419390595086245
121845030.0,0.5620345830397562,17.085841912219546
123256479.0,0.5623148304912201,16.758994814641667
124684278.0,0.5625889304886287,16.439005534535703
126128616.0,0.562856997585998,16.125460924752424
127589686.0,0.563119178873074,15.818777478777065
129067681.0,0.5633756051289139,15.518311471977912
130562797.0,0.563626374544905,15.224181400955565
132075232.0,0.5638716504093976,14.936292600804913
133605187.0,0.5641115308640349,14.654237293321534
135152865.0,0.5643461303084416,14.378437622018058
136718471.0,0.5645755793986914,14.108505379889236
138302213.0,0.5647999762114899,13.844084015112777
139904301.0,0.5650194350822318,13.58530053662629
141524948.0,0.5652340866035139,13.332065188583522
143164368.0,0.5654439962392589,13.084009165057122
144822780.0,0.5656493108219058,12.841519155831039
146500402.0,0.5658501120579347,12.604249843095674
148197458.0,0.5660464816391896,12.3718571672824
149914172.0,0.5662385500695414,12.144475791674402
151650773.0,0.5664264152846625,11.922011860918312
153407490.0,0.5666101426561103,11.704362977598178
155184557.0,0.5667898300927321,11.49143160565837
156982210.0,0.5669655917636119,11.282905038375391
158800687.0,0.5671374930019617,11.07891365513683
160640229.0,0.5673056154040502,10.879369105138801
162501080.0,0.5674700731010618,10.684175689010736
164383487.0,0.567630931392369,10.493248747371275
166287700.0,0.5677882718404974,10.306497917977982
168213971.0,0.5679421597255054,10.123639538973
170162556.0,0.5680927091345122,9.944787865889431
172133713.0,0.5682399690560973,9.769874220475351
174127704.0,0.5683840047431455,9.598605224505025
176144794.0,0.5685249302540101,9.431310418925912
178185249.0,0.5686627782818119,9.267711273576326
180249341.0,0.5687976303261874,9.107346276493379
182337343.0,0.5689295516081891,8.950711868578788
184449533.0,0.5690586236120307,8.797560231206182
186586190.0,0.5691849115443329,8.647616063222587
188747598.0,0.5693084643355234,8.50100945796992
190934044.0,0.5694293471800931,8.357658977703693
193145818.0,0.5695476415356185,8.217510388002788
195383213.0,0.5696633800458633,8.080310565829354
197646525.0,0.5697766441569591,7.946177027938923
199936056.0,0.569887482771459,7.814869766434158
202252109.0,0.569995944787356,7.686674295210454
204594990.0,0.5701021116346086,7.561191870781503
206965012.0,0.5702060159333454,7.438518138029832
209362487.0,0.5703077228359609,7.318611874164769
211787736.0,0.5704072649548656,7.20123396088533
214241078.0,0.5705047074342119,7.086510994002043
216722839.0,0.5706001154136724,6.974212091762303
219233349.0,0.5706935214944413,6.8646072942121625
221772941.0,0.5707849582749019,6.757331110062715
224341951.0,0.5708745071509583,6.652326604287112
226940721.0,0.5709622007141367,6.54985485188175
229569595.0,0.5710480715534617,6.449564041325111
232228921.0,0.5711321685217536,6.351399771873219
234919053.0,0.5712145567349594,6.255614451681354
237640348.0,0.571295252507643,6.161870821042275
240393165.0,0.5713743209501917,6.070116709396815
243177872.0,0.5714517783727033,5.980458138786956
245994836.0,0.5715276736148202,5.892847872077819
248844432.0,0.5716020555136339,5.8072418598768465
251727038.0,0.5716749566384969,5.723460235478844
254643035.0,0.5717464095569056,5.641596537830672
257592812.0,0.5718164630995347,5.561480183668533
260576758.0,0.5718851498299344,5.483199403689686
263595271.0,0.5719525023099656,5.4067226000711885
266648749.0,0.5720185530998696,5.331872632230445
269737600.0,0.5720833347582953,5.258621290793937
272862231.0,0.572146896106708,5.187055213401712
276023058.0,0.5722092697003798,5.117267286070576
279220500.0,0.5722704555648914,5.048967755280241
282454981.0,0.5723305187814123,4.982124473986308
285726930.0,0.5723894919010307,4.9168261392703165
289036781.0,0.5724473912097434,4.852922876593185
292384973.0,0.5725042329927166,4.790495344879074
295771951.0,0.5725600823250482,4.729519778249602
299198163.0,0.5726149554893621,4.669840911925944
302664065.0,0.5726688525041588,4.611549158363709
306170115.0,0.572721854704022,4.5544991340057335
309716780.0,0.5727739458421424,4.498774077176792
313304529.0,0.572825158461087,4.44434783184358
316933838.0,0.5728755413653839,4.391079446747356
320605189.0,0.5729251108323659,4.339051041176491
324319068.0,0.5729738831387718,4.288235978671182
328075970.0,0.5730219070861897,4.238500789986762
331876391.0,0.5730691826870329,4.189793947435604
335720836.0,0.5731157424786103,4.142352299693907
339609815.0,0.5731616027348831,4.095951927619893
343543843.0,0.5732068122540624,4.050401966460528
347523444.0,0.5732513873085966,4.006114278164594
351549144.0,0.5732953279082544,3.9627695979883497
355621477.0,0.5733386828490437,3.9203364870466437
359740985.0,0.5733814521397348,3.8788999157275135
363908212.0,0.5734236845748825,3.838430142030732
368123713.0,0.5734653964242102,3.7988183197807404
372388045.0,0.5735065876952136,3.7601287559769747
376701776.0,0.5735473071805114,3.722350053963183
381065477.0,0.5735875548867362,3.6853617786178403
385479727.0,0.5736273633436209,3.649243285486542
389945111.0,0.5736667650802337,3.6138803157870214
394462222.0,0.5737057438406652,3.5793463901659206
399031659.0,0.5737443646760819,3.545620478535547
403654028.0,0.5737826113299634,3.5126851663352565
408329943.0,0.5738205325909237,3.480519947215033
413060024.0,0.5738581284632294,3.4490267558096774
417844897.0,0.573895431473273,3.418186114007615
422685198.0,0.5739324578858447,3.388067129764556
427581570.0,0.5739692077044809,3.358652199426369
432534660.0,0.5740057297153274,3.3300051409566938
437545127.0,0.5740420401820693,3.301871798308059
442613635.0,0.5740781391073572,3.2743910582485984
447740857.0,0.5741140590151849,3.2476325621728743
452927472.0,0.5741498161683758,3.2214201981536315
458174169.0,0.5741854268294817,3.195819736538984
463481643.0,0.5742209072607865,3.170740894614949
468850599.0,0.5742562737242948,3.146244674456925
474281748.0,0.5742915750024193,3.1223186795061175
479775812.0,0.5743267948356915,3.099018516595395
485333519.0,0.5743619657455119,3.0761910775844576
490955606.0,0.5743970877324815,3.0538186895080566
496642820.0,0.5744322095774353,3.0320351909238386
502395914.0,0.5744673475403852,3.0106866093407043
508215651.0,0.5745025016211405,2.9898297161625624
514102804.0,0.5745376880793819,2.969520186970915
520058154.0,0.5745729394343506,2.9496131237503844
526082490.0,0.574608271945012,2.93016095739042
532176612.0,0.5746437018700534,2.9112208423258754
538341328.0,0.5746792454679075,2.8926498274730728
544577456.0,0.5747149352562725,2.874439320384211
550885823.0,0.5747507712333547,2.8567048732145457
557267266.0,0.5747867696567516,2.8394369787008404
563722631.0,0.5748229793024956,2.822559807164787
570252775.0,0.5748593839086661,2.8060050299871606
576858564.0,0.5748960322504394,2.7897622693864648
583540875.0,0.5749329243247387,2.7740027308979305
590300593.0,0.5749700926465987,2.7585989042926418
597138615.0,0.575007537212476,2.743537202738609
604055849.0,0.5750453067955946,2.7288132875544053
611053211.0,0.5750833851328493,2.714358467120865
618131631.0,0.5751218209965534,2.700279255513468
625292048.0,0.5751606306406747,2.6865661300238624
632535410.0,0.5751998303188472,2.673154932962021
639862679.0,0.5752394362843548,2.660036389820097
647274827.0,0.5752794810486344,2.6472571035104333
654772837.0,0.5753199646056069,2.634703528498827
662357703.0,0.5753609357241719,2.622470606101062
670030433.0,0.5754023943974238,2.6105545117780937
677792043.0,0.5754443731347526,2.5988412796092963
685643563.0,0.5754868881867213,2.587427456798895
693586035.0,0.5755299720615076,2.576304736011704
701620513.0,0.5755736410085948,2.5654168185014337
709748061.0,0.5756179112770108,2.5547559122730363
717969759.0,0.5756628153731131,2.5443645518072597
726286697.0,0.5757083695447691,2.5342355890426926
734699977.0,0.575754606296955,2.5243611911348003
743210717.0,0.575801541876288,2.514642267533892
751820045.0,0.5758492087862986,2.5051636823882353
760529104.0,0.5758976395296087,2.4959678394277933
769339047.0,0.5759468340934525,2.4869543959731124
778251045.0,0.575996841236297,2.4781191337240154
787266279.0,0.5760476772011679,2.469499724970448
796385945.0,0.5760993744874278,2.4610917722316765
805611253.0,0.5761519493365586,2.4528871014544724
814943427.0,0.5762054505029076,2.4448817069075304
824383705.0,0.5762598779693523,2.4370679183733333
833933338.0,0.5763152804881491,2.429441879059408
843593594.0,0.5763716905535357,2.4219554565732997
853365754.0,0.5764291081458849,2.414645832230247
863251114.0,0.57648759827014,2.4075470956057488
873250986.0,0.5765471771607581,2.4006144875664304
883366696.0,0.5766078773073442,2.3938024087619385
893599587.0,0.576669731198183,2.3871851781906286
903951014.0,0.5767327713201589,2.3807569954635217
914422353.0,0.5767970301587574,2.374436245323173
925014990.0,0.5768625401979889,2.36825610029295
935730333.0,0.5769293339203503,2.3622501117614827
946569802.0,0.5769974438067865,2.3564120966231763
957534835.0,0.5770669185917744,2.3507012373661533
968626886.0,0.5771377907525953,2.345077346717373
979847428.0,0.5772100927647993,2.3396426874079257
991197948.0,0.5772838652295327,2.3343234973603098
1002679950.0,0.5773591487458323,2.3291132447395095
1014294960.0,0.5774359676560886,2.3240779707158805
1026044520.0,0.5775143788096438,2.3191442465954863
1037930190.0,0.5775944146717059,2.3143417506426323
1049953540.0,0.5776761402133819,2.3096348822147466
1062116160.0,0.5777595553869777,2.3050498691874237
1074419680.0,0.5778447414122688,2.3005840583490706
1086865720.0,0.5779317307442099,2.296232453760398
1099455940.0,0.578020555835346,2.2919932844144792
1112192000.0,0.5781112978953208,2.2878601971737806
1125075590.0,0.578203956864038,2.2838307792616437
1138108430.0,0.5782986139443707,2.2798998831595862
1151292240.0,0.5783953178289667,2.276095771157523
1164628770.0,0.5784941009544178,2.272353434426356
1178119790.0,0.5785950282589214,2.2686999236481613
1191767090.0,0.5786981484240152,2.265189493933497
1205572480.0,0.5788035263791784,2.2617610988800094
1219537790.0,0.5789111945456207,2.2583813148753116
1233664880.0,0.5790212340956227,2.2551331225443283
1247955610.0,0.5791336774416032,2.251984934890256
1262411890.0,0.5792486057455235,2.2488764062419078
1277035630.0,0.5793660676612651,2.245861516688832
1291828760.0,0.5794861280885111,2.2429623089135213
1306793260.0,0.5796088356706643,2.2401208961251875
1321931110.0,0.5797342715463073,2.2373615945056198
1337244320.0,0.5798625005968796,2.2347080274529922
1352734910.0,0.5799935876973489,2.232104095257216
1368404950.0,0.580127581466551,2.2295467153602546
1384256510.0,0.5802645792649342,2.22708515816649
1400291690.0,0.580404629697041,2.2247396604246155
1416512620.0,0.5805478301069863,2.222432926867639
1432921450.0,0.5806942290840342,2.220184836316586
1449520370.0,0.5808439239548971,2.2180199236846145
1466311560.0,0.5809969632925236,2.2159088128665716
1483297270.0,0.5811534606526071,2.2138736159222425
1500479730.0,0.5813134808370068,2.2119332615399134
1517861240.0,0.5814771048854597,2.210039518589887
1535444090.0,0.5816444138271657,2.2081657473069463
1553230630.0,0.5818155049267296,2.206400548895781
1571223200.0,0.5819904591902739,2.204696750114598
1589424200.0,0.5821693576123134,2.203049484428243
1607836030.0,0.5823523136658991,2.2014578153110977
1626461150.0,0.582539424564016,2.19991691933239
1645302020.0,0.5827307550162951,2.1984473219003773
1664361150.0,0.5829264184531128,2.1970244680841287
1683641050.0,0.583126528288252,2.195666761350292
1703144290.0,0.5833311816748823,2.194370257567703
1722873460.0,0.583540459506937,2.1931327729811985
1742831170.0,0.5837545076337893,2.191932104681747
1763020070.0,0.5839734069138001,2.1908048598600303
1783442830.0,0.584197286914564,2.189709870995931
1804102170.0,0.5844262446990974,2.1886615777628493
1825000830.0,0.5846604097932688,2.1877174325576756
1846141580.0,0.5848998954592497,2.1867790776531852
1867527220.0,0.5851448311770955,2.1858803811820104
1889160600.0,0.5853953301625572,2.1850760968874536
1911044570.0,0.5856515218468534,2.1843083573992725
1933182040.0,0.5859135518734788,2.18357279379928
1955575960.0,0.5861815414995843,2.1829038576570623
1978229290.0,0.5864556281928279,2.182264549711562
2001145030.0,0.5867359412722882,2.1816856179420157
2024326230.0,0.5870226343819005,2.1811832323926743
2047775950.0,0.5873158530134579,2.1806856526584673
2071497320.0,0.5876157263891512,2.18025677428265
2095493480.0,0.5879224405201395,2.179880386075353
2119767600.0,0.588236116438355,2.1795344808086976
2144322920.0,0.5885569238426268,2.1792505714319343
2169162690.0,0.5888850323893701,2.1789945599372844
2194290190.0,0.5892205954587546,2.1787948969239848
2219708780.0,0.5895637745041433,2.178664484344948
2245421810.0,0.5899147633958138,2.1785705733355565
2271432700.0,0.5902737234910075,2.178494479321757
2297744900.0,0.5906408323283219,2.178479937948155
2324361900.0,0.5910162836227253,2.1785395114081902
2351287230.0,0.5914002385752498,2.178625884957589
2378524460.0,0.5917929232441098,2.1787363354383658
2406077210.0,0.5921944987132208,2.178912677406203
2433949130.0,0.5926051909140139,2.1791379307555663
2462143920.0,0.5930251770308963,2.179409414005138
2490665310.0,0.593454682857958,2.1797389050603684
2519517090.0,0.593893917890008,2.1800954362643568
2548703090.0,0.5943430915470925,2.180504182372664
2578227180.0,0.5948024293941613,2.18096350983593
2608093280.0,0.595272156913121,2.1814568960076226
2638305350.0,0.5957524913900706,2.182009094686126
2668867390.0,0.5962436824631397,2.1826169435665763
2699783460.0,0.5967459553461583,2.1832649577286443
2731057660.0,0.5972595675936114,2.1839508977975433
2762694140.0,0.5977847523304748,2.1846972845694688
2794697100.0,0.5983217750102989,2.1855024221587303
2827070770.0,0.5988708928658477,2.186338131253207
2859819470.0,0.5994323792281021,2.18722627784796
2892947520.0,0.6000064748804596,2.188165984881732
2926459330.0,0.6005934853328416,2.189152887654129
2960359340.0,0.6011936835354366,2.1901975690857842
2994652040.0,0.6018073423033763,2.191296674263655
3029341990.0,0.602434750520328,2.1924367633192756
3064433780.0,0.6030762293347985,2.19362589070714
3099932080.0,0.6037320673219898,2.1948846030278717
3135841590.0,0.6044025691033053,2.1961878116172144
3172167080.0,0.6050880553351279,2.1975445134242144
3208913350.0,0.6057888545963995,2.198951676105662
3246085300.0,0.606505279079457,2.200406610040782
3283687840.0,0.6072376731874075,2.2019286499568342
3321725970.0,0.6079863811197327,2.203514528165318
3360204730.0,0.6087517225719679,2.205151118526694
3399129230.0,0.6095340818099257,2.2068360291985907
3438504630.0,0.6103338023791232,2.2085769690998256
3478336160.0,0.6111512599779721,2.210381817246501
3518629080.0,0.6119868138654978,2.2122567686026753
3559388770.0,0.6128408473324397,2.2141799727763947
3600620610.0,0.6137137514948063,2.2161679628755437
3642330080.0,0.6146059171890138,2.2182188389067883
3684522700.0,0.6155177511466893,2.220328507154103
3727204090.0,0.6164496597956641,2.222513586259984
3770379900.0,0.6174020492507327,2.2247440615763767
3814055850.0,0.6183753414822384,2.227052827957005
3858237750.0,0.6193699823852804,2.2294287800116277
3902931450.0,0.6203863932324937,2.23186869500901
3948142870.0,0.6214250272807491,2.2343786954422598
3993878030.0,0.6224863212296826,2.2369554332597987
4040142980.0,0.6235707518094166,2.239605681165846
4086943860.0,0.6246787791612928,2.242317212749351
4134286880.0,0.6258108791640721,2.2451126049009367
4182178320.0,0.626967527248573,2.2479804901638265
4230624540.0,0.6281492307041392,2.250917993345893
4279631950.0,0.6293564720911486,2.2539385527224507
4329207060.0,0.6305897577094245,2.2570306629184196
4379356450.0,0.6318496094899727,2.2601991922126494
4430086770.0,0.633136540741977,2.2634494966988687
4481404750.0,0.6344510884391453,2.266778307949904
4533317190.0,0.6357937808937306,2.2701900105416435
4585830980.0,0.637165161960403,2.273681257655007
4638953100.0,0.638565799076347,2.277264328847399
4692690570.0,0.6399962428788379,2.280935750864355
4747050540.0,0.6414570514023195,2.284684238403851
4802040220.0,0.6429488142510514,2.2885221640827638
4857666890.0,0.6444721122276207,2.292452996836021
4913937940.0,0.6460275253824287,2.296472758171377
4970860840.0,0.6476156733017625,2.3005859187345163
5028443120.0,0.649237142505857,2.304795635742316
5086692440.0,0.6508925509265774,2.3090981127360313
5145616510.0,0.6525825236819407,2.3134901891470494
5205223160.0,0.6543076849884139,2.3179882225960604
5265520290.0,0.6560686581360765,2.322588992839162
5326515900.0,0.6578661057249895,2.327281558005657
5388218090.0,0.6597006651921415,2.332076128171135
5450635020.0,0.661572989054112,2.336981208665561
5513775000.0,0.6634837287680386,2.341993107059733
5577646380.0,0.6654335668845741,2.3471080120470145
5642257650.0,0.6674231687215554,2.3523281105332985
5707617380.0,0.669453214518576,2.35766207837018
5773734220.0,0.6715243752684865,2.3631059394667178
5840616970.0,0.6736373528842441,2.368666976276357
5908274480.0,0.6757928319131524,2.374342084223995
5976715730.0,0.6779915116583296,2.3801262038834037
6045949810.0,0.6802340820299092,2.386038976329424
6115985890.0,0.6825212716980207,2.3920647465713256
6186833260.0,0.6848537677309192,2.3982099626933273
6258501330.0,0.6872322798139384,2.404481810857607
6330999600.0,0.6896575321574423,2.4108760168999295
6404337690.0,0.692130223333658,2.4173987305768643
6478525330.0,0.6946510824010181,2.42404578229635
6553572350.0,0.6972208127075402,2.4308178733818147
6629488710.0,0.6998401399680654,2.437726130232646
6706284480.0,0.7025097721330185,2.4447656978532737
6783969860.0,0.7052304233981426,2.4519419783534833
6862555140.0,0.7080028141511979,2.4592507076147347
6942050750.0,0.7108276389041006,2.46669158253241
7022467230.0,0.713705614294639,2.474274691158481
7103815260.0,0.7166374390145911,2.48199530372301
7186105610.0,0.7196238017892567,2.489857532294263
7269349220.0,0.7226654053262532,2.497860922400187
7353557120.0,0.7257629183067554,2.506005684554526
7438740480.0,0.7289170313065947,2.514300353882704
7524910600.0,0.7321284008233729,2.5227444714012246
7612078910.0,0.7353976891961672,2.5313315820461186
7700256980.0,0.7387255406147155,2.540065451286223
7789456500.0,0.7421125890818353,2.5489499843462613
7879689300.0,0.7455594504153171,2.557988298870376
7970967360.0,0.7490667302060406,2.56717920670502
8063302780.0,0.7526350237929281,2.576520442592926
8156707810.0,0.7562649003152521,2.586014933875409
8251194840.0,0.7599569106808381,2.595669604816444
8346776400.0,0.7637115875611706,2.605478001924531
8443465180.0,0.7675294533393124,2.6154424518784083
8541274000.0,0.7714109882993758,2.625564894834752
8640215830.0,0.7753566465681596,2.635846430127349
8740303800.0,0.7793668720169673,2.6462857575622807
8841551190.0,0.7834420823743555,2.6568830117764257
8943971420.0,0.7875826295862008,2.6676437685523435
9047578090.0,0.7917888871594982,2.678561797138008
9152384930.0,0.7960611549758173,2.689645054720571
9258405850.0,0.8003996990485623,2.700882530278691
9365654920.0,0.8048047753332371,2.712282523220684
9474146350.0,0.8092765664231123,2.7238457233035116
9583894540.0,0.813815229170813,2.7355640345387005
9694914060.0,0.818420871023461,2.74744898695545
9807219620.0,0.8230935580394823,2.7594894641723564
9920826120.0,0.8278332991961485,2.7716883807421104
10035748600.0,0.8326400623217444,2.7840480581284885
10152002400.0,0.8375137347684879,2.796561227442568
10269602900.0,0.8424541867035249,2.8092353264612195
10388565600.0,0.8474612002569064,2.822067337261059
10508906400.0,0.8525344934060759,2.8350525779398494
10630641200.0,0.8576737280476467,2.8481875260941223
10753786200.0,0.8628785023187958,2.861475758779996
10878357700.0,0.8681483272336294,2.8749136366025403
11004372200.0,0.8734826662521971,2.888500788592342
11131846500.0,0.8788808648117898,2.902235459097016
11260797500.0,0.8843422370308585,2.916111129538357
11391242200.0,0.8898659639332585,2.9301309890140215
11523197900.0,0.8954511801093717,2.9442893821075335
11656682300.0,0.9010969034546197,2.9585829092285842
11791712900.0,0.906802074736678,2.9730122877627942
11928307700.0,0.9125655266404693,2.987573203519901
12066484800.0,0.918385999831164,3.002259278604855
12206262600.0,0.9242621199166017,3.01707133785011
12347659500.0,0.9301924213346879,3.0320023491304413
12490694400.0,0.9361753243614944,3.0470510039464163
12635386200.0,0.9422091044290155,3.062211995381021
12781754100.0,0.9482919628181813,3.077480865780889
12929817500.0,0.9544219492042993,3.0928540824154087
13079596000.0,0.9605970089603069,3.1083259254032294
13231109600.0,0.9668149447856172,3.1238918581926365
13384378400.0,0.9730734095664861,3.1395449600084966
13539422600.0,0.9793699535915485,3.1552855936849005
13696262800.0,0.9857019630094165,3.1711056471505024
13854919800.0,0.9920666915381627,3.186996083111762
14015414800.0,0.9984612300967705,3.2029543284128676
14177768900.0,1.0048825384668323,3.218971537523905
14342003700.0,1.011327399500951,3.2350415875514105
14508140900.0,1.0177924507867628,3.251162655094217
14676202800.0,1.0242741544079985,3.267324238998081
14846211400.0,1.0307688285457708,3.2835155833702196
15018189400.0,1.0372725710153448,3.2997376830218768
15192159600.0,1.0437813679923418,3.3159774697031295
15368145100.0,1.050290986731976,3.332225385103151
15546169200.0,1.0567970225703085,3.348480912032226
15726255500.0,1.0632948995845206,3.3647319508420455
15908427900.0,1.0697798097924356,3.380967397668929
16092710600.0,1.0762468060704444,3.3971826627190618
16279128000.0,1.082690710595521,3.4133684288519146
16467704900.0,1.0891061615817104,3.429512753549994
16658466200.0,1.0954875985172488,3.4456101085359294
16851437300.0,1.1018292474238338,3.461650301276152
17046643800.0,1.108125136714359,3.47762409283034
17244111600.0,1.1143690518080946,3.49352163407702
17443866800.0,1.120554627304902,3.5093323317167173
17645936000.0,1.1266752250838747,3.525049031701921
17850345900.0,1.1327239958217186,3.5406572737295545
18057123700.0,1.1386939096994435,3.556150878298254
18266296800.0,1.1445776650855106,3.571517691480325
18477893000.0,1.1503677801026893,3.5867472325338605
18691940300.0,1.1560565012471518,3.6018295430531793
18908467100.0,1.161635864234404,3.6167539210373483
19127502100.0,1.1670977089321588,3.631509202376435
19349074500.0,1.1724335878733434,3.646083254219307
19573213500.0,1.1776348570071866,3.660469413924535
19799949000.0,1.1826926371204078,3.6746528639551714
20029310900.0,1.1875977904040962,3.6886228052819963
20261329800.0,1.1923409802320075,3.7023685897953067
20496036400.0,1.196912594359706,3.7158801034388462
20733461800.0,1.2013028270376247,3.72914649406351
20973637500.0,1.205501594364521,3.742154864451168
21216595400.0,1.2094986235037795,3.754892618205082
21462367700.0,1.2132833601654676,3.7673515791184586
21710987100.0,1.2168450573324694,3.7795201436091976
21962486400.0,1.2201726974978468,3.7913857359129275
22216899100.0,1.223255065751329,3.802937609050356
22474258900.0,1.2260807017882895,3.814164421654604
22734600000.0,1.2286379045502709,3.8250565451109027
22997956900.0,1.2309147667448699,3.835603091672845
23264364400.0,1.2328991412148695,3.8457907486602902
23533858000.0,1.2345786673591232,3.8556081063766916
23806473500.0,1.2359407595641134,3.8650490677167664
24082246900.0,1.2369726405506112,3.87410031883984
24361214800.0,1.2376612614116689,3.8827496940945876
24643414300.0,1.237993432270266,3.8909890140173973
24928882800.0,1.2379557266210153,3.898807999481918
25217658100.0,1.237534505881487,3.906195725627594
25509778600.0,1.2367159436045254,3.9131423601989583
25805283100.0,1.2354860192282988,3.919638867190184
26104210600.0,1.2338305566964183,3.9256739905301554
26406600900.0,1.2317351421850051,3.931240194202722
26712494100.0,1.229185222312012,3.9363293280144735
27021930700.0,1.2261660663917657,3.9409291060370597
27334951800.0,1.2226627886362749,3.9450323544417722
27651599000.0,1.2186603247639578,3.9486304859613406
27971914200.0,1.2141434837168892,3.951715969565859
28295939900.0,1.2090969085011034,3.9542801574091735
28623719200.0,1.203505134854868,3.9563147972886155
28955295400.0,1.1973525438568542,3.957815127538575
29290712500.0,1.190623412455565,3.9587692630178037
29630015200.0,1.1833019032594523,3.9591731732140105
29973248300.0,1.1753720918976134,3.9590224498184607
30320457400.0,1.1668179334749735,3.958305936047665
30671688500.0,1.1576233273588383,3.9570205536769785
31026988300.0,1.1477720907623816,3.9551598927058884
31386403900.0,1.1372479623773557,3.9527180403179223
31749983000.0,1.1260346820712233,3.9496919918444386
32117773700.0,1.1141158799835722,3.9460738504232227
32489825000.0,1.1014752093520237,3.9418623903860195
32866186000.0,1.0880963040420142,3.937053363005743
33246906800.0,1.0739627662685107,3.9316414225967686
33632037900.0,1.0590582232551962,3.9256245849533977
34021630300.0,1.0433663227478926,3.9189995215123234
34415735700.0,1.0268707670143848,3.911764863305451
34814406400.0,1.0095552544191628,3.9039170943807004
35217695300.0,0.991403606265529,3.895454451975655
35625655900.0,0.9723996778206999,3.8863777161716766
36038342300.0,0.9525274239532202,3.876685447378989
36455809300.0,0.9317709345579477,3.86637745800947
36878112200.0,0.9101143924638635,3.855453464464556
37305307000.0,0.8875421093525435,3.8439129202727527
37737450400.0,0.8640385624671441,3.8317592037993267
38174599800.0,0.8395884164551366,3.8189928223644882
38616813100.0,0.8141764826899685,3.8056154523906796
39064148900.0,0.7877877893327403,3.7916304534674086
39516666700.0,0.7604075974017754,3.7770395046323526
39974426500.0,0.7320213857431306,3.761848305827881
40437488900.0,0.7026148603002143,3.7460584463133118
40905915400.0,0.6721740445424895,3.7296750308386852
41379768200.0,0.6406852191803096,3.712704538592693
41859110000.0,0.6081349503898428,3.6951499108063577
42344004500.0,0.5745101437937803,3.6770182394831643
42834516100.0,0.5397980352164512,3.658317945226622
43330709700.0,0.5039861984904686,3.6390543898167054
43832651200.0,0.46706260374262143,3.6192343713793766
44340407100.0,0.42901557893128883,3.5988661174180008
44854044900.0,0.3898338378154898,3.5779590257516514
45373632700.0,0.3495065597520378,3.556522816762409
45899239300.0,0.30802331354899515,3.534565413034187
46430934600.0,0.2653741319007425,3.5120971432657546
46968789000.0,0.22154950447859836,3.489129579854295
47512873800.0,0.17654038902432878,3.4656737041631054
48063261400.0,0.13033825820943012,3.441740335349295
48620024600.0,0.08293504599294761,3.417340919049581
49183237300.0,0.0343232491730661,3.3924894632364553
49752974300.0,-0.015504157814522801,3.3671980113811864
50329311100.0,-0.06655361722843815,3.3414797980742392
50912324100.0,-0.11883105346935376,3.3153496414225927
51502090800.0,-0.17234180674011554,3.2888195733449055
52098689300.0,-0.22709066999691424,3.2619062018011524
52702198800.0,-0.2830818453139394,3.2346240537887425
53312699300.0,-0.3403189786489785,3.2069876248385154
53930271800.0,-0.39880507660395004,3.179013954397735
54554998300.0,-0.4585426109338139,3.150717943272727
55186961500.0,-0.5195333957704747,3.1221151328879073
55826245500.0,-0.5817786907710808,3.093223929561111
56472934800.0,-0.645279120605244,3.064060348969488
57127115400.0,-0.7100347124797215,3.034640433606143
57788874000.0,-0.7760448964599793,3.0049821089028086
58458298400.0,-0.8433084858518386,2.9751026929943416
59135477400.0,-0.9118237137925655,2.945020143628043
59820500700.0,-0.981588173667714,2.9147505041584227
60513459400.0,-1.0525988736787348,2.884312647127538
61214445300.0,-1.1248522935798706,2.8537254053500303
61923551400.0,-1.1983442444697272,2.8230047242215437
62640871700.0,-1.2730700026288475,2.792168131071119
63366501500.0,-1.3490242877397498,2.7612346590600567
64100536900.0,-1.4262012193456919,2.730221519513102
64843075400.0,-1.5045944361362493,2.6991451540047113
65594215400.0,-1.5841969924825818,2.6680243311912255
66354056600.0,-1.6650014387206944,2.6368768667115576
67122699800.0,-1.7469997999601872,2.6057187595465785
67900246900.0,-1.8301836183200426,2.57456667098527
68686801100.0,-1.914543976358476,2.543438195787763
69482466700.0,-2.000071478636716,2.5123488571007284
70287349300.0,-2.086756265877625,2.4813155164346967
71101555600.0,-2.174588075248419,2.450354518834524
71925193600.0,-2.2635562487204957,2.4194797844714095
72758372600.0,-2.35364967442016,2.3887071330444414
73601203200.0,-2.444856966831176,2.358052053020486
74453797100.0,-2.5371662872202316,2.327528379842114
75316267400.0,-2.6305655179260254,2.2971500076346225
76188728500.0,-2.725042235145436,2.266931224111767
77071296200.0,-2.8205837290799627,2.236884500396056
77964087500.0,-2.9171769779505037,2.207022545334055
78867220900.0,-3.0148087443122726,2.1773575418146023
79780816100.0,-3.1134655548629424,2.147901020106832
80704994400.0,-3.2131337555055377,2.118664748552487
81639878400.0,-3.3137994951710392,2.089659052820529
82585592000.0,-3.4154487097289783,2.0608946781202393
83542260700.0,-3.5180672622739175,2.032381288819355
84510011500.0,-3.621640883898743,2.0041272391929783
85488972600.0,-3.726155191394123,1.9761414101406443
86479274000.0,-3.8315956804574576,1.9484325122648916
87481047000.0,-3.937947883616397,1.9210086495167364
88494424500.0,-4.045197209004469,1.8938756483112065
89519541000.0,-4.153329104347975,1.8670407003673233
90556532400.0,-4.262328979148284,1.8405099048881501
91605536200.0,-4.372182265606476,1.8142885880875317
92666691700.0,-4.482874427059467,1.7883820683027953
93740139500.0,-4.59439102698057,1.7627951240522184
94826022200.0,-4.706717625071876,1.7375312602294584
95924483600.0,-4.81983993828624,1.7125939423400551
97035669600.0,-4.933743739552231,1.6879872713679
98159727600.0,-5.048414904369565,1.663712937792853
99296806600.0,-5.163839493331168,1.6397735438956014
100447057000.0,-5.2800036504880605,1.616169958279998
101610633000.0,-5.396893752574751,1.5929046495257015
102787687000.0,-5.5144962759798,1.5699788091169018
103978376000.0,-5.632797918836489,1.5473917492850757
105182858000.0,-5.751785497837675,1.5251438484094673
106401293000.0,-5.871446143993904,1.5032346014336018
107633842000.0,-5.99176709952244,1.4816641109619966
108880669000.0,-6.112735883791709,1.4604313543877077
110141939000.0,-6.234340224246622,1.4395345716443584
111417819000.0,-6.356568053537826,1.4189715002258307
112708480000.0,-6.479407579592122,1.3987413748499031
114014091000.0,-6.602847250132124,1.3788419840958919
115334826000.0,-6.726875676146787,1.3592691826953434
116670861000.0,-6.851481892532839,1.340021457550611
118022372000.0,-6.976655020701381,1.321095812825585
119389540000.0,-7.10238449117663,1.30248891554886
120772544000.0,-7.228660086049812,1.2841974070507525
122171569000.0,-7.3554716604537465,1.2662171719481727
123586800000.0,-7.482809537541449,1.2485440658239395
125018426000.0,-7.610664104016633,1.2311745776684804
126466635000.0,-7.739026172967688,1.2141054532237083
127931620000.0,-7.867886691445892,1.1973305214102001
129413576000.0,-7.997236900472316,1.180846572007672
130912698000.0,-8.127068332002338,1.1646484189333441
132429187000.0,-8.25737275984448,1.1487315719473798
133963242000.0,-8.388142099638566,1.1330918196841147
135515068000.0,-8.519368669555607,1.1177235964622094
137084870000.0,-8.651044910008972,1.1026226698815202
138672856000.0,-8.783163506141141,1.0877826576240113
140279238000.0,-8.915717375673115,1.073199785273595
141904228000.0,-9.048699753263492,1.0588689239549927
143548042000.0,-9.182103881899383,1.0447845440848715
145210898000.0,-9.315923436066548,1.0309422804455923
146893016000.0,-9.45015210766243,1.0173361744526759
148594620000.0,-9.584783884824386,1.003961105844844
150315935000.0,-9.719812931202869,0.9908130858725521
152057189000.0,-9.855233506790215,0.9778856294695245
153818615000.0,-9.991040209796031,0.9651743834183412
155600444000.0,-10.12722762776033,0.9526746440959322
157402915000.0,-10.263790520518821,0.9403804765061662
159226265000.0,-10.40072390537864,0.928288074104976
161070737000.0,-10.538022857451434,0.9163917497327508
162936575000.0,-10.67568252732233,0.9046872123745794
164824026000.0,-10.813698341001272,0.8931690037393961
166733343000.0,-10.952065666988318,0.881832717689066
168664776000.0,-11.090780072904964,0.870674398236342
170618583000.0,-11.229837100621953,0.8596884817206093
172595023000.0,-11.369232533181805,0.8488709288447895
174594358000.0,-11.508962164697484,0.8382176319171766
176616853000.0,-11.649021812440916,0.8277238980569591
178662777000.0,-11.789407329849368,0.8173853894226086
180732401000.0,-11.930114620497163,0.8071983264914381
182825999000.0,-12.071139792536256,0.7971585561795846
184943849000.0,-12.212478831833034,0.7872619264271579
187086232000.0,-12.354127602088552,0.7775046317695355
189253433000.0,-12.496082357733622,0.76788326369842
191445738000.0,-12.638338968053965,0.7583939893501492
193663439000.0,-12.780893500252418,0.7490327997007752
195906830000.0,-12.923742015570841,0.7397966346203079
198176208000.0,-13.0668805005093,0.730682207904945
200471875000.0,-13.210304870448324,0.7216861696969582
202794134000.0,-13.354011135308717,0.7128049565763012
205143295000.0,-13.497995088777861,0.7040357536539926
207519668000.0,-13.64225271766424,0.6953759102229615
209923569000.0,-13.786779633565677,0.6868219817781809
212355316000.0,-13.931571741946673,0.6783715192716908
214815233000.0,-14.076624565807336,0.6700215440290264
217303646000.0,-14.221933732081212,0.6617694913989804
219820884000.0,-14.367494745592342,0.6536132254148375
222367282000.0,-14.513303034925496,0.6455499103249319
224943177000.0,-14.659353918606383,0.6375771757769408
227548911000.0,-14.805642644253547,0.6296928256542368
230184830000.0,-14.952164363844666,0.6218947209417366
232851283000.0,-15.098914116299262,0.6141808423107485
235548625000.0,-15.245886838484173,0.6065490312408571
238277212000.0,-15.393077367248546,0.5989974107238533
241037407000.0,-15.540480431343637,0.5915239870838548
243829577000.0,-15.688090642569543,0.5841271829384086
246654090000.0,-15.8359024860953,0.5768051672871687
249511323000.0,-15.983910353658182,0.5695559763873345
252401654000.0,-16.13210850243736,0.5623785646054253
255325466000.0,-16.280491088924556,0.5552710752908967
258283148000.0,-16.429052137374743,0.548232074571755
261275091000.0,-16.57778555186762,0.541260270297947
264301693000.0,-16.726685117850288,0.5343540880663945
267363355000.0,-16.875744491805754,0.5275125706710342
270460483000.0,-17.024957226924123,0.5207343503706617
273593488000.0,-17.174316751367908,0.5140180485175416
276762786000.0,-17.32381636980024,0.50736264501512
279968797000.0,-17.473449265155708,0.5007672719047186
283211946000.0,-17.6232085270917,0.4942307094935834
286492664000.0,-17.77308710280741,0.4877519857837486
289811385000.0,-17.923077838387652,0.4813301102848245
293168551000.0,-18.073173482857325,0.4749640525908724
296564606000.0,-18.223366664287628,0.4686534054160725
300000000000.0,-18.373649892131656,0.46549388181003953
